customer_id,nickname,gender,age_group,home_branch_id,joined_date,phone,is_shared_phone
C00001,กมล,หญิง,18-24,B02,2026-03-03 00:00:00,082-xxx-6693,False
C00002,กิตติ,ชาย,25-34,B04,2026-01-18 00:00:00,084-xxx-3734,False
C00003,ปิยะ,หญิง,18-24,B04,2025-05-04 00:00:00,089-xxx-9286,False
C00004,ปิยะ,หญิง,18-24,B05,2026-05-05 00:00:00,083-xxx-7314,False
C00005,รัตนา,หญิง,25-34,B04,2026-07-10 00:00:00,083-xxx-5701,False
C00006,กมล,ชาย,18-24,B04,2026-08-16 00:00:00,086-xxx-1895,False
C00007,วรรณ,ชาย,45-54,B03,2026-07-17 00:00:00,087-xxx-3147,False
C00008,ภัทร,หญิง,25-34,B01,2026-04-07 00:00:00,087-xxx-9877,False
C00009,ภัทร,ชาย,18-24,B04,2026-01-10 00:00:00,089-xxx-7309,False
C00010,อัญชลี,หญิง,18-24,B04,2026-06-15 00:00:00,089-xxx-9676,False
C00011,ธีร,ไม่ระบุ,25-34,B05,2025-07-27 00:00:00,088-xxx-7647,True
C00012,วีระ,ชาย,25-34,B04,2025-06-28 00:00:00,083-xxx-2997,False
C00013,อัญชลี,ชาย,ต่ำกว่า 18,B03,2025-12-02 00:00:00,088-xxx-1723,False
C00014,เกศ,ชาย,18-24,B03,2026-04-16 00:00:00,081-xxx-5807,False
C00015,มานพ,หญิง,25-34,B03,2026-06-26 00:00:00,087-xxx-7840,False
C00016,วีระ,ชาย,18-24,B05,2026-08-11 00:00:00,083-xxx-4615,False
C00017,จิรา,หญิง,25-34,B04,2026-04-05 00:00:00,086-xxx-9108,False
C00018,วรรณ,หญิง,35-44,B03,2026-02-11 00:00:00,086-xxx-8878,False
C00019,ธนา,หญิง,35-44,B02,2025-06-05 00:00:00,082-xxx-6406,False
C00020,ภัทร,หญิง,25-34,B04,2025-07-03 00:00:00,086-xxx-6190,False
C00021,พิม,หญิง,25-34,B03,2026-07-18 00:00:00,085-xxx-9958,False
C00022,กมล,หญิง,25-34,B01,2026-02-14 00:00:00,086-xxx-5211,False
C00023,ภูมิ,ชาย,18-24,B02,2026-01-11 00:00:00,085-xxx-2922,False
C00024,กมล,หญิง,55+,B01,2026-08-07 00:00:00,089-xxx-6850,False
C00025,จิรา,หญิง,18-24,B01,2025-05-29 00:00:00,085-xxx-7180,False
C00026,ธนา,หญิง,35-44,B05,2025-05-05 00:00:00,089-xxx-5253,False
C00027,สมชาย,หญิง,18-24,B05,2025-10-08 00:00:00,087-xxx-1735,False
C00028,มานพ,ชาย,45-54,B01,2026-04-29 00:00:00,085-xxx-7097,False
C00029,สมชาย,หญิง,45-54,B01,2026-05-01 00:00:00,081-xxx-9016,False
C00030,กิตติ,หญิง,25-34,B01,2026-07-12 00:00:00,085-xxx-9731,False
C00031,อรุณ,หญิง,45-54,B01,2026-08-08 00:00:00,088-xxx-5939,False
C00032,นภัส,ชาย,45-54,B05,2026-06-19 00:00:00,082-xxx-1167,False
C00033,ชนา,ชาย,25-34,B01,2025-05-20 00:00:00,085-xxx-5390,False
C00034,สุดา,ชาย,18-24,B01,2025-11-09 00:00:00,083-xxx-7772,False
C00035,สุดา,หญิง,55+,B04,2026-05-27 00:00:00,081-xxx-8582,False
C00036,นภัส,ชาย,35-44,B05,2026-09-04 00:00:00,087-xxx-6083,False
C00037,เกศ,ชาย,45-54,B05,2026-01-09 00:00:00,085-xxx-8732,False
C00038,ปิยะ,หญิง,ต่ำกว่า 18,B05,2026-08-07 00:00:00,088-xxx-9435,False
C00039,รัตนา,ชาย,35-44,B04,2026-01-07 00:00:00,085-xxx-8885,False
C00040,พิม,หญิง,35-44,B04,2025-06-20 00:00:00,086-xxx-5032,False
C00041,เกศ,ชาย,35-44,B05,2026-08-29 00:00:00,088-xxx-9000,False
C00042,กิตติ,หญิง,55+,B05,2026-03-10 00:00:00,086-xxx-9818,False
C00043,พิม,หญิง,45-54,B01,2026-04-15 00:00:00,086-xxx-2416,False
C00044,อัญชลี,ชาย,45-54,B04,2025-09-21 00:00:00,084-xxx-3462,False
C00045,อัญชลี,หญิง,25-34,B04,2025-11-21 00:00:00,083-xxx-8419,False
C00046,ภูมิ,หญิง,18-24,B05,2025-09-12 00:00:00,082-xxx-8032,False
C00047,ภูมิ,ชาย,25-34,B01,2026-03-07 00:00:00,083-xxx-6495,False
C00048,จิรา,หญิง,ต่ำกว่า 18,B04,2025-09-06 00:00:00,081-xxx-3859,False
C00049,ศิริ,ชาย,25-34,B05,2026-05-30 00:00:00,088-xxx-6959,False
C00050,รัตนา,หญิง,25-34,B01,2025-08-02 00:00:00,089-xxx-3571,False
C00051,ทิพย์,ชาย,ต่ำกว่า 18,B01,2025-06-23 00:00:00,083-xxx-3815,False
C00052,ทิพย์,หญิง,55+,B03,2026-06-17 00:00:00,085-xxx-5917,False
C00053,วีระ,หญิง,25-34,B05,2025-09-16 00:00:00,085-xxx-7070,False
C00054,ภูมิ,หญิง,45-54,B05,2025-10-13 00:00:00,085-xxx-5948,False
C00055,ธนา,หญิง,25-34,B02,2026-05-20 00:00:00,088-xxx-4229,True
C00056,ทิพย์,ชาย,25-34,B05,2025-12-22 00:00:00,082-xxx-6000,False
C00057,สุดา,ชาย,18-24,B05,2026-08-20 00:00:00,089-xxx-5789,False
C00058,สุดา,หญิง,35-44,B02,2026-03-29 00:00:00,083-xxx-5342,False
C00059,จิรา,หญิง,18-24,B05,2025-12-30 00:00:00,081-xxx-7432,False
C00060,ธีร,ชาย,45-54,B01,2025-08-20 00:00:00,087-xxx-2039,False
C00061,พิม,หญิง,45-54,B02,2025-12-23 00:00:00,088-xxx-7564,False
C00062,นภัส,หญิง,25-34,B04,2025-04-17 00:00:00,081-xxx-8719,False
C00063,วีระ,หญิง,35-44,B01,2026-09-10 00:00:00,086-xxx-4579,False
C00064,อัญชลี,หญิง,18-24,B02,2026-03-25 00:00:00,083-xxx-8853,False
C00065,มานพ,ชาย,25-34,B05,2025-05-04 00:00:00,086-xxx-6165,False
C00066,กมล,ไม่ระบุ,35-44,B01,2025-10-20 00:00:00,086-xxx-6400,False
C00067,ธีร,หญิง,18-24,B04,2025-07-19 00:00:00,081-xxx-7615,False
C00068,ปิยะ,หญิง,25-34,B05,2025-04-12 00:00:00,088-xxx-5690,True
C00069,ภัทร,ชาย,55+,B05,2026-07-12 00:00:00,086-xxx-2816,False
C00070,มานพ,หญิง,25-34,B05,2025-08-05 00:00:00,083-xxx-6314,False
C00071,นภัส,ชาย,18-24,B04,2026-08-20 00:00:00,081-xxx-3207,False
C00072,ปิยะ,หญิง,25-34,B05,2025-07-31 00:00:00,085-xxx-4658,False
C00073,ชนา,ชาย,18-24,B01,2025-11-14 00:00:00,082-xxx-5547,False
C00074,ธีร,ชาย,ต่ำกว่า 18,B03,2026-07-18 00:00:00,086-xxx-9947,False
C00075,วีระ,ชาย,55+,B05,2026-01-20 00:00:00,086-xxx-4902,False
C00076,มานพ,ชาย,25-34,B05,2025-05-24 00:00:00,083-xxx-7583,True
C00077,ปิยะ,หญิง,25-34,B03,2026-03-10 00:00:00,085-xxx-6242,False
C00078,ปิยะ,ชาย,ต่ำกว่า 18,B04,2026-01-02 00:00:00,087-xxx-7882,False
C00079,ธนา,หญิง,25-34,B03,2025-11-26 00:00:00,087-xxx-4552,False
C00080,วีระ,หญิง,18-24,B02,2026-06-16 00:00:00,081-xxx-3674,False
C00081,วรรณ,หญิง,18-24,B02,2025-05-19 00:00:00,087-xxx-8426,False
C00082,ศิริ,ชาย,25-34,B01,2026-05-16 00:00:00,088-xxx-5789,False
C00083,ณัฐ,หญิง,45-54,B02,2025-11-09 00:00:00,081-xxx-2032,False
C00084,ทิพย์,หญิง,18-24,B01,2025-10-20 00:00:00,082-xxx-3704,False
C00085,ปิยะ,หญิง,25-34,B01,2025-07-13 00:00:00,086-xxx-1237,False
C00086,สมชาย,ชาย,25-34,B01,2026-08-07 00:00:00,089-xxx-8145,False
C00087,กมล,หญิง,25-34,B02,2026-07-01 00:00:00,085-xxx-9483,False
C00088,ทิพย์,ชาย,45-54,B03,2026-07-08 00:00:00,085-xxx-2974,False
C00089,ภัทร,ชาย,18-24,B03,2026-05-23 00:00:00,081-xxx-3858,False
C00090,ธีร,ชาย,25-34,B01,2025-05-15 00:00:00,084-xxx-1308,False
C00091,มานพ,ชาย,45-54,B05,2026-06-17 00:00:00,081-xxx-4431,False
C00092,ศิริ,หญิง,25-34,B04,2026-08-02 00:00:00,085-xxx-9616,False
C00093,มานพ,ชาย,25-34,B04,2025-09-14 00:00:00,087-xxx-3713,False
C00094,วรรณ,ชาย,18-24,B01,2026-07-25 00:00:00,084-xxx-6598,False
C00095,กมล,ชาย,25-34,B04,2026-07-25 00:00:00,087-xxx-3532,False
C00096,รัตนา,ชาย,25-34,B04,2026-06-10 00:00:00,088-xxx-7401,False
C00097,ทิพย์,หญิง,25-34,B02,2025-04-08 00:00:00,082-xxx-8465,False
C00098,จิรา,ชาย,25-34,B04,2026-04-29 00:00:00,085-xxx-7518,False
C00099,สมชาย,หญิง,18-24,B01,2026-07-08 00:00:00,085-xxx-4491,False
C00100,มานพ,ชาย,25-34,B03,2025-12-17 00:00:00,082-xxx-7695,False
C00101,ทิพย์,ชาย,25-34,B02,2025-08-01 00:00:00,086-xxx-5318,False
C00102,อัญชลี,หญิง,55+,B03,2026-04-09 00:00:00,088-xxx-8678,False
C00103,ชนา,ชาย,45-54,B03,2026-08-11 00:00:00,087-xxx-4136,False
C00104,อัญชลี,หญิง,25-34,B02,2025-06-15 00:00:00,086-xxx-8428,False
C00105,นภัส,ชาย,45-54,B01,2025-11-13 00:00:00,089-xxx-6997,False
C00106,สมชาย,หญิง,25-34,B02,2025-08-12 00:00:00,087-xxx-1821,False
C00107,ภูมิ,ชาย,18-24,B04,2026-08-22 00:00:00,082-xxx-3026,False
C00108,อัญชลี,ชาย,25-34,B04,2026-03-03 00:00:00,081-xxx-6724,False
C00109,รัตนา,ชาย,25-34,B03,2026-02-15 00:00:00,081-xxx-4590,False
C00110,ปิยะ,หญิง,18-24,B02,2026-05-18 00:00:00,085-xxx-7958,False
C00111,ทิพย์,ชาย,35-44,B05,2026-03-18 00:00:00,083-xxx-2962,False
C00112,มานพ,หญิง,25-34,B01,2025-09-24 00:00:00,088-xxx-7917,False
C00113,นภัส,ชาย,55+,B04,2026-06-16 00:00:00,084-xxx-3165,False
C00114,ธีร,หญิง,35-44,B02,2025-06-21 00:00:00,085-xxx-4509,False
C00115,อรุณ,หญิง,55+,B01,2025-10-20 00:00:00,083-xxx-6525,False
C00116,ภูมิ,หญิง,25-34,B02,2026-09-02 00:00:00,082-xxx-7093,False
C00117,ชนา,หญิง,25-34,B04,2026-07-11 00:00:00,084-xxx-9527,False
C00118,ธนา,หญิง,55+,B05,2025-07-17 00:00:00,082-xxx-8152,False
C00119,ณัฐ,หญิง,45-54,B05,2026-03-04 00:00:00,085-xxx-4184,False
C00120,ศิริ,หญิง,18-24,B05,2025-04-28 00:00:00,082-xxx-8300,False
C00121,รัตนา,ชาย,25-34,B05,2025-11-16 00:00:00,082-xxx-2366,False
C00122,ภัทร,ชาย,35-44,B03,2026-01-08 00:00:00,086-xxx-9202,False
C00123,จิรา,หญิง,25-34,B01,2025-11-22 00:00:00,081-xxx-4098,False
C00124,ปิยะ,หญิง,ต่ำกว่า 18,B01,2025-07-02 00:00:00,087-xxx-5575,False
C00125,มานพ,หญิง,55+,B05,2025-09-23 00:00:00,081-xxx-9387,True
C00126,สุดา,หญิง,25-34,B02,2026-03-09 00:00:00,086-xxx-6608,False
C00127,อรุณ,ชาย,18-24,B05,2025-07-28 00:00:00,082-xxx-8028,False
C00128,ชนา,ชาย,35-44,B02,2026-06-30 00:00:00,088-xxx-6915,False
C00129,ทิพย์,หญิง,35-44,B01,2025-07-10 00:00:00,085-xxx-2463,False
C00130,มานพ,หญิง,25-34,B02,2026-01-31 00:00:00,084-xxx-4504,False
C00131,จิรา,ชาย,35-44,B01,2025-09-15 00:00:00,085-xxx-4322,False
C00132,ปิยะ,ชาย,18-24,B01,2026-07-03 00:00:00,082-xxx-1658,False
C00133,มานพ,ชาย,35-44,B02,2025-06-08 00:00:00,081-xxx-8023,True
C00134,ธีร,ชาย,25-34,B05,2026-02-21 00:00:00,084-xxx-4620,False
C00135,อัญชลี,หญิง,18-24,B05,2025-04-28 00:00:00,088-xxx-9263,False
C00136,สมชาย,ชาย,ต่ำกว่า 18,B04,2025-05-28 00:00:00,084-xxx-7699,False
C00137,ณัฐ,ชาย,25-34,B04,2026-01-24 00:00:00,081-xxx-4504,False
C00138,ภูมิ,ชาย,18-24,B04,2025-10-15 00:00:00,086-xxx-1270,False
C00139,กิตติ,หญิง,25-34,B04,2025-04-06 00:00:00,087-xxx-9310,False
C00140,จิรา,ชาย,25-34,B02,2026-09-01 00:00:00,089-xxx-1549,False
C00141,กมล,ชาย,35-44,B05,2025-09-10 00:00:00,089-xxx-4649,False
C00142,จิรา,หญิง,25-34,B05,2025-12-14 00:00:00,081-xxx-3003,False
C00143,ทิพย์,หญิง,25-34,B05,2025-08-29 00:00:00,082-xxx-9854,False
C00144,ทิพย์,หญิง,25-34,B02,2025-06-13 00:00:00,088-xxx-8918,False
C00145,ปิยะ,ไม่ระบุ,35-44,B02,2026-02-20 00:00:00,082-xxx-3424,False
C00146,ชนา,หญิง,25-34,B05,2025-05-16 00:00:00,089-xxx-2717,False
C00147,จิรา,หญิง,25-34,B05,2026-03-05 00:00:00,085-xxx-1543,False
C00148,ปวีณ,หญิง,25-34,B05,2026-02-26 00:00:00,089-xxx-1172,False
C00149,ธีร,หญิง,18-24,B03,2026-07-23 00:00:00,085-xxx-2218,False
C00150,เกศ,หญิง,45-54,B01,2026-07-05 00:00:00,084-xxx-5022,False
C00151,มานพ,ชาย,45-54,B03,2026-08-30 00:00:00,081-xxx-4866,False
C00152,พิม,หญิง,18-24,B01,2026-03-25 00:00:00,081-xxx-7137,False
C00153,รัตนา,ชาย,35-44,B05,2025-08-10 00:00:00,088-xxx-1767,False
C00154,ชนา,หญิง,18-24,B05,2026-07-26 00:00:00,088-xxx-2094,False
C00155,มานพ,ชาย,25-34,B03,2026-05-03 00:00:00,086-xxx-5998,False
C00156,สุดา,หญิง,55+,B04,2025-11-02 00:00:00,088-xxx-1700,False
C00157,กมล,ชาย,35-44,B01,2026-04-27 00:00:00,087-xxx-3901,False
C00158,อรุณ,หญิง,25-34,B01,2025-07-08 00:00:00,086-xxx-9378,False
C00159,เกศ,หญิง,25-34,B05,2025-04-21 00:00:00,089-xxx-2766,False
C00160,ธีร,ชาย,55+,B05,2025-11-13 00:00:00,085-xxx-4632,False
C00161,ศิริ,หญิง,25-34,B05,2026-02-11 00:00:00,081-xxx-5467,False
C00162,จิรา,หญิง,25-34,B01,2026-02-06 00:00:00,085-xxx-6632,False
C00163,ธนา,หญิง,25-34,B01,2026-02-05 00:00:00,086-xxx-8106,False
C00164,พิม,ชาย,35-44,B04,2025-11-09 00:00:00,086-xxx-3887,False
C00165,ธนา,หญิง,18-24,B04,2025-07-27 00:00:00,084-xxx-6009,False
C00166,จิรา,หญิง,18-24,B02,2026-08-13 00:00:00,085-xxx-1842,False
C00167,วีระ,ไม่ระบุ,25-34,B02,2026-06-30 00:00:00,086-xxx-3868,False
C00168,อัญชลี,หญิง,18-24,B03,2026-03-07 00:00:00,089-xxx-4311,False
C00169,พิม,หญิง,25-34,B01,2026-07-29 00:00:00,089-xxx-4262,False
C00170,ภัทร,หญิง,35-44,B02,2025-08-15 00:00:00,082-xxx-6807,False
C00171,อรุณ,หญิง,18-24,B03,2026-07-07 00:00:00,082-xxx-8136,False
C00172,วรรณ,หญิง,18-24,B01,2025-07-26 00:00:00,085-xxx-6691,False
C00173,กมล,ชาย,35-44,B01,2026-08-04 00:00:00,084-xxx-7338,False
C00174,ภัทร,ชาย,25-34,B03,2026-07-26 00:00:00,088-xxx-1475,False
C00175,ณัฐ,ชาย,25-34,B01,2025-10-18 00:00:00,085-xxx-6708,False
C00176,อัญชลี,หญิง,45-54,B02,2026-02-02 00:00:00,089-xxx-2020,False
C00177,ชนา,ชาย,25-34,B01,2026-02-28 00:00:00,086-xxx-8065,False
C00178,สมชาย,หญิง,18-24,B04,2026-02-09 00:00:00,084-xxx-3042,True
C00179,รัตนา,ชาย,18-24,B02,2025-12-06 00:00:00,086-xxx-2646,False
C00180,สุดา,หญิง,25-34,B01,2025-09-30 00:00:00,089-xxx-6071,False
C00181,ศิริ,ชาย,25-34,B05,2026-02-06 00:00:00,084-xxx-5034,False
C00182,ธนา,ชาย,18-24,B01,2026-02-04 00:00:00,084-xxx-2976,False
C00183,กิตติ,ชาย,18-24,B05,2025-04-27 00:00:00,087-xxx-1279,False
C00184,สมชาย,ไม่ระบุ,18-24,B02,2025-08-31 00:00:00,083-xxx-1286,False
C00185,วีระ,หญิง,45-54,B04,2026-02-12 00:00:00,085-xxx-5007,False
C00186,วีระ,ชาย,35-44,B05,2025-04-06 00:00:00,085-xxx-3919,False
C00187,มานพ,ชาย,45-54,B02,2025-10-12 00:00:00,089-xxx-1413,False
C00188,ทิพย์,หญิง,35-44,B03,2026-07-16 00:00:00,088-xxx-8998,False
C00189,เกศ,ชาย,35-44,B01,2026-05-13 00:00:00,082-xxx-1968,False
C00190,ศิริ,หญิง,55+,B05,2026-03-19 00:00:00,085-xxx-3522,False
C00191,อัญชลี,หญิง,35-44,B01,2026-03-29 00:00:00,082-xxx-8333,False
C00192,วรรณ,หญิง,18-24,B05,2025-11-18 00:00:00,081-xxx-7248,False
C00193,มานพ,หญิง,18-24,B03,2026-02-14 00:00:00,082-xxx-6597,False
C00194,วีระ,ชาย,35-44,B05,2025-10-01 00:00:00,089-xxx-7803,False
C00195,ศิริ,ชาย,55+,B04,2026-03-07 00:00:00,085-xxx-6131,False
C00196,ภัทร,หญิง,25-34,B04,2025-12-07 00:00:00,087-xxx-4750,False
C00197,ทิพย์,ชาย,25-34,B04,2026-05-05 00:00:00,088-xxx-9840,True
C00198,ปิยะ,หญิง,18-24,B01,2026-08-16 00:00:00,085-xxx-1695,False
C00199,ภูมิ,หญิง,25-34,B03,2026-07-08 00:00:00,083-xxx-2200,False
C00200,พิม,หญิง,18-24,B01,2025-07-15 00:00:00,086-xxx-9373,False
C00201,ธีร,ชาย,18-24,B01,2026-04-09 00:00:00,082-xxx-4504,False
C00202,สมชาย,ชาย,35-44,B02,2026-04-29 00:00:00,088-xxx-6687,False
C00203,ปวีณ,หญิง,25-34,B02,2026-01-26 00:00:00,088-xxx-3646,False
C00204,ศิริ,ชาย,35-44,B05,2026-04-07 00:00:00,083-xxx-4750,False
C00205,วีระ,ชาย,25-34,B01,2026-01-06 00:00:00,089-xxx-5548,True
C00206,ภูมิ,ชาย,45-54,B01,2026-04-24 00:00:00,085-xxx-9673,False
C00207,ปิยะ,หญิง,18-24,B05,2026-08-27 00:00:00,081-xxx-7384,False
C00208,ธีร,หญิง,18-24,B03,2026-03-01 00:00:00,081-xxx-7810,False
C00209,นภัส,ชาย,18-24,B01,2025-07-23 00:00:00,085-xxx-9196,False
C00210,ศิริ,ชาย,18-24,B01,2025-05-16 00:00:00,085-xxx-2389,False
C00211,ปิยะ,หญิง,35-44,B05,2025-12-22 00:00:00,088-xxx-1662,False
C00212,อรุณ,หญิง,55+,B01,2026-04-20 00:00:00,081-xxx-6511,False
C00213,นภัส,หญิง,25-34,B02,2026-01-13 00:00:00,082-xxx-9839,False
C00214,ธนา,หญิง,18-24,B05,2026-03-26 00:00:00,087-xxx-1072,False
C00215,กมล,หญิง,ต่ำกว่า 18,B05,2026-07-29 00:00:00,085-xxx-9049,False
C00216,นภัส,หญิง,35-44,B05,2026-08-14 00:00:00,087-xxx-3328,False
C00217,พิม,หญิง,18-24,B01,2025-11-11 00:00:00,085-xxx-3776,False
C00218,ณัฐ,ชาย,35-44,B01,2026-06-26 00:00:00,088-xxx-5690,True
C00219,สุดา,ชาย,18-24,B05,2026-05-05 00:00:00,085-xxx-4076,False
C00220,รัตนา,หญิง,35-44,B05,2026-04-03 00:00:00,088-xxx-4716,False
C00221,สุดา,หญิง,25-34,B02,2026-07-22 00:00:00,088-xxx-2943,False
C00222,ธนา,หญิง,25-34,B01,2025-10-31 00:00:00,088-xxx-6407,False
C00223,ธนา,ชาย,18-24,B01,2025-11-28 00:00:00,088-xxx-4694,False
C00224,ปิยะ,หญิง,25-34,B04,2026-03-17 00:00:00,084-xxx-8716,False
C00225,มานพ,หญิง,35-44,B02,2026-07-14 00:00:00,082-xxx-8677,False
C00226,กิตติ,หญิง,ต่ำกว่า 18,B05,2025-12-11 00:00:00,089-xxx-3890,False
C00227,สมชาย,ชาย,18-24,B02,2026-06-09 00:00:00,087-xxx-6615,False
C00228,ภูมิ,ไม่ระบุ,35-44,B03,2026-04-03 00:00:00,082-xxx-7829,False
C00229,จิรา,หญิง,18-24,B03,2025-12-25 00:00:00,084-xxx-4524,True
C00230,กิตติ,ชาย,35-44,B02,2025-11-18 00:00:00,084-xxx-8978,False
C00231,กมล,หญิง,25-34,B02,2026-07-27 00:00:00,081-xxx-7193,False
C00232,มานพ,หญิง,35-44,B03,2026-05-20 00:00:00,083-xxx-8904,False
C00233,จิรา,ชาย,45-54,B05,2025-06-24 00:00:00,085-xxx-1038,False
C00234,วีระ,ชาย,18-24,B05,2025-10-25 00:00:00,082-xxx-1456,False
C00235,ภัทร,หญิง,45-54,B02,2026-01-12 00:00:00,084-xxx-6201,True
C00236,ปวีณ,หญิง,45-54,B04,2025-05-15 00:00:00,083-xxx-3433,False
C00237,ศิริ,หญิง,25-34,B05,2026-06-06 00:00:00,082-xxx-9488,False
C00238,วีระ,ชาย,18-24,B01,2025-12-04 00:00:00,087-xxx-3708,False
C00239,ปิยะ,หญิง,35-44,B03,2026-08-30 00:00:00,089-xxx-1573,False
C00240,อรุณ,หญิง,25-34,B05,2025-08-26 00:00:00,083-xxx-1192,False
C00241,ธีร,ชาย,25-34,B04,2025-04-05 00:00:00,082-xxx-7372,False
C00242,ภัทร,ชาย,18-24,B04,2025-11-12 00:00:00,082-xxx-5716,False
C00243,กิตติ,ไม่ระบุ,25-34,B03,2026-09-12 00:00:00,081-xxx-2530,False
C00244,จิรา,หญิง,18-24,B02,2025-10-24 00:00:00,086-xxx-2013,False
C00245,ภัทร,หญิง,25-34,B01,2025-08-12 00:00:00,089-xxx-4517,False
C00246,วรรณ,หญิง,18-24,B04,2026-05-14 00:00:00,086-xxx-9028,False
C00247,สมชาย,หญิง,35-44,B03,2026-07-28 00:00:00,083-xxx-6572,False
C00248,ทิพย์,หญิง,25-34,B04,2026-09-05 00:00:00,087-xxx-5949,False
C00249,พิม,หญิง,18-24,B01,2025-09-21 00:00:00,088-xxx-3550,False
C00250,อัญชลี,หญิง,25-34,B05,2025-07-15 00:00:00,086-xxx-9117,False
C00251,นภัส,ไม่ระบุ,18-24,B01,2025-08-16 00:00:00,083-xxx-8251,False
C00252,ณัฐ,หญิง,18-24,B01,2025-08-20 00:00:00,087-xxx-3110,False
C00253,อรุณ,หญิง,25-34,B03,2026-01-28 00:00:00,085-xxx-7976,False
C00254,รัตนา,ชาย,18-24,B04,2025-05-09 00:00:00,089-xxx-3224,False
C00255,ปวีณ,ชาย,25-34,B03,2026-01-04 00:00:00,082-xxx-7102,False
C00256,ณัฐ,ชาย,25-34,B01,2026-06-08 00:00:00,084-xxx-2187,False
C00257,รัตนา,หญิง,25-34,B02,2025-07-08 00:00:00,081-xxx-6095,False
C00258,อัญชลี,ชาย,25-34,B05,2025-11-04 00:00:00,081-xxx-7712,False
C00259,ณัฐ,ไม่ระบุ,45-54,B01,2026-06-24 00:00:00,087-xxx-1179,False
C00260,จิรา,หญิง,55+,B01,2025-05-07 00:00:00,084-xxx-7480,False
C00261,รัตนา,ไม่ระบุ,18-24,B02,2025-12-15 00:00:00,084-xxx-4808,True
C00262,อรุณ,หญิง,25-34,B01,2026-07-15 00:00:00,082-xxx-8784,False
C00263,มานพ,หญิง,ต่ำกว่า 18,B04,2026-01-03 00:00:00,081-xxx-7360,False
C00264,ทิพย์,ชาย,25-34,B03,2026-04-06 00:00:00,086-xxx-4751,False
C00265,สมชาย,ชาย,25-34,B03,2026-01-08 00:00:00,088-xxx-7473,False
C00266,ธนา,หญิง,ต่ำกว่า 18,B03,2026-08-21 00:00:00,083-xxx-9867,False
C00267,ศิริ,หญิง,45-54,B03,2026-04-26 00:00:00,085-xxx-8231,False
C00268,รัตนา,หญิง,25-34,B04,2025-07-15 00:00:00,081-xxx-6696,False
C00269,ปิยะ,ชาย,25-34,B01,2026-04-24 00:00:00,086-xxx-8413,False
C00270,อรุณ,หญิง,35-44,B04,2025-12-04 00:00:00,087-xxx-5915,False
C00271,ปิยะ,หญิง,25-34,B05,2025-05-29 00:00:00,084-xxx-8506,False
C00272,ศิริ,ชาย,45-54,B01,2025-07-26 00:00:00,089-xxx-5213,False
C00273,ปวีณ,ไม่ระบุ,18-24,B01,2025-11-21 00:00:00,087-xxx-7216,False
C00274,สมชาย,ชาย,ต่ำกว่า 18,B01,2026-02-04 00:00:00,082-xxx-1130,False
C00275,ปวีณ,หญิง,18-24,B01,2026-06-19 00:00:00,085-xxx-6212,False
C00276,นภัส,ชาย,25-34,B01,2026-08-14 00:00:00,085-xxx-6536,False
C00277,ชนา,หญิง,25-34,B02,2026-03-03 00:00:00,082-xxx-3665,False
C00278,ธีร,หญิง,18-24,B02,2026-04-26 00:00:00,082-xxx-5173,False
C00279,อัญชลี,หญิง,18-24,B01,2026-08-09 00:00:00,086-xxx-3167,False
C00280,ธีร,หญิง,25-34,B05,2025-10-07 00:00:00,088-xxx-2741,False
C00281,พิม,ชาย,45-54,B02,2025-08-09 00:00:00,083-xxx-6991,False
C00282,นภัส,หญิง,18-24,B04,2026-01-17 00:00:00,081-xxx-9648,False
C00283,ภูมิ,หญิง,25-34,B02,2025-08-25 00:00:00,082-xxx-8080,False
C00284,ปวีณ,ชาย,45-54,B02,2025-07-01 00:00:00,088-xxx-5116,False
C00285,สุดา,ชาย,35-44,B01,2026-02-04 00:00:00,087-xxx-9777,False
C00286,ปวีณ,ชาย,25-34,B02,2025-12-03 00:00:00,087-xxx-9912,False
C00287,ชนา,ชาย,35-44,B02,2026-09-08 00:00:00,086-xxx-6487,False
C00288,จิรา,ไม่ระบุ,25-34,B02,2026-01-26 00:00:00,086-xxx-7431,False
C00289,มานพ,หญิง,35-44,B03,2026-02-26 00:00:00,085-xxx-2708,False
C00290,ธีร,ชาย,18-24,B01,2026-08-13 00:00:00,086-xxx-6025,False
C00291,ภูมิ,หญิง,18-24,B04,2025-08-28 00:00:00,085-xxx-2864,False
C00292,จิรา,หญิง,25-34,B01,2026-05-12 00:00:00,089-xxx-6437,False
C00293,ปวีณ,ชาย,35-44,B03,2026-02-19 00:00:00,087-xxx-2770,False
C00294,กิตติ,หญิง,45-54,B02,2026-05-27 00:00:00,083-xxx-5657,False
C00295,ปิยะ,ชาย,25-34,B02,2025-11-13 00:00:00,085-xxx-6528,False
C00296,มานพ,หญิง,25-34,B01,2025-12-14 00:00:00,082-xxx-1497,False
C00297,จิรา,หญิง,55+,B04,2025-06-22 00:00:00,085-xxx-4245,False
C00298,กมล,หญิง,45-54,B01,2025-11-19 00:00:00,085-xxx-2148,False
C00299,ปิยะ,หญิง,25-34,B04,2026-07-02 00:00:00,085-xxx-5104,False
C00300,ปิยะ,ชาย,25-34,B02,2025-09-25 00:00:00,089-xxx-4756,False
C00301,ชนา,ชาย,18-24,B01,2025-06-03 00:00:00,087-xxx-3506,False
C00302,กมล,หญิง,25-34,B01,2025-04-28 00:00:00,084-xxx-6780,False
C00303,อรุณ,หญิง,18-24,B02,2026-03-17 00:00:00,089-xxx-9912,False
C00304,วรรณ,หญิง,18-24,B04,2025-09-02 00:00:00,085-xxx-3427,False
C00305,ธนา,หญิง,25-34,B02,2025-06-15 00:00:00,082-xxx-3987,False
C00306,พิม,หญิง,25-34,B02,2025-07-17 00:00:00,085-xxx-9719,False
C00307,จิรา,ชาย,18-24,B04,2026-04-28 00:00:00,087-xxx-3020,False
C00308,รัตนา,หญิง,25-34,B01,2026-01-05 00:00:00,089-xxx-5027,False
C00309,กิตติ,หญิง,25-34,B05,2025-04-24 00:00:00,088-xxx-5018,False
C00310,ธีร,หญิง,55+,B01,2026-03-23 00:00:00,089-xxx-5179,False
C00311,อัญชลี,หญิง,18-24,B04,2025-07-29 00:00:00,084-xxx-5452,False
C00312,สมชาย,ชาย,18-24,B04,2026-06-05 00:00:00,083-xxx-5398,False
C00313,ปวีณ,หญิง,45-54,B02,2026-06-17 00:00:00,089-xxx-2545,False
C00314,ธนา,ชาย,25-34,B04,2025-12-10 00:00:00,081-xxx-8533,False
C00315,สุดา,ชาย,18-24,B03,2026-07-28 00:00:00,084-xxx-1510,False
C00316,ปวีณ,หญิง,35-44,B05,2026-08-19 00:00:00,085-xxx-6125,False
C00317,สุดา,หญิง,45-54,B02,2026-02-23 00:00:00,083-xxx-6936,False
C00318,อัญชลี,หญิง,18-24,B03,2026-03-23 00:00:00,085-xxx-1453,False
C00319,สมชาย,หญิง,45-54,B04,2026-05-14 00:00:00,085-xxx-2524,False
C00320,วีระ,หญิง,25-34,B01,2026-04-12 00:00:00,085-xxx-7143,True
C00321,อัญชลี,ชาย,35-44,B01,2025-12-22 00:00:00,084-xxx-4083,False
C00322,อรุณ,ชาย,45-54,B01,2025-05-18 00:00:00,088-xxx-8723,False
C00323,กมล,หญิง,18-24,B04,2026-08-07 00:00:00,081-xxx-1570,False
C00324,ภัทร,ชาย,25-34,B05,2025-07-24 00:00:00,087-xxx-5943,False
C00325,ทิพย์,หญิง,25-34,B02,2025-06-10 00:00:00,083-xxx-9820,False
C00326,ชนา,ชาย,25-34,B04,2026-01-26 00:00:00,085-xxx-4645,False
C00327,อัญชลี,หญิง,18-24,B01,2026-06-27 00:00:00,081-xxx-2014,False
C00328,วีระ,หญิง,18-24,B03,2026-01-01 00:00:00,087-xxx-8172,False
C00329,เกศ,ชาย,18-24,B05,2026-04-22 00:00:00,089-xxx-1948,False
C00330,อรุณ,ชาย,18-24,B04,2026-05-21 00:00:00,081-xxx-1194,False
C00331,วีระ,หญิง,35-44,B05,2026-08-18 00:00:00,083-xxx-3531,False
C00332,ภูมิ,ชาย,25-34,B01,2025-11-16 00:00:00,084-xxx-8327,False
C00333,วีระ,หญิง,18-24,B02,2025-05-15 00:00:00,085-xxx-9766,True
C00334,ชนา,ชาย,18-24,B05,2025-06-11 00:00:00,089-xxx-9015,False
C00335,สมชาย,ชาย,25-34,B02,2026-03-08 00:00:00,081-xxx-4062,False
C00336,อัญชลี,หญิง,35-44,B05,2026-05-15 00:00:00,089-xxx-5598,False
C00337,ศิริ,ชาย,18-24,B01,2025-12-01 00:00:00,086-xxx-3485,False
C00338,กมล,หญิง,25-34,B03,2026-07-19 00:00:00,082-xxx-2116,False
C00339,ชนา,ไม่ระบุ,25-34,B03,2025-11-06 00:00:00,086-xxx-2493,False
C00340,กมล,ชาย,35-44,B02,2025-05-10 00:00:00,089-xxx-7697,False
C00341,ธีร,ชาย,18-24,B04,2026-03-31 00:00:00,086-xxx-7324,False
C00342,ปวีณ,ชาย,25-34,B01,2025-08-26 00:00:00,087-xxx-5937,False
C00343,กมล,หญิง,25-34,B01,2026-02-09 00:00:00,086-xxx-5837,False
C00344,สมชาย,ชาย,25-34,B04,2026-04-15 00:00:00,084-xxx-5723,False
C00345,ณัฐ,ชาย,35-44,B01,2025-12-24 00:00:00,083-xxx-7360,False
C00346,สุดา,หญิง,25-34,B02,2026-06-01 00:00:00,082-xxx-9370,False
C00347,เกศ,หญิง,25-34,B04,2026-01-23 00:00:00,087-xxx-5102,False
C00348,ปวีณ,หญิง,25-34,B05,2025-06-15 00:00:00,087-xxx-9336,False
C00349,รัตนา,หญิง,45-54,B04,2026-04-10 00:00:00,084-xxx-9169,False
C00350,รัตนา,ชาย,18-24,B02,2026-08-14 00:00:00,084-xxx-4877,False
C00351,กมล,หญิง,35-44,B05,2026-03-30 00:00:00,089-xxx-4466,False
C00352,ปิยะ,ชาย,25-34,B02,2026-08-02 00:00:00,081-xxx-3266,False
C00353,กิตติ,หญิง,25-34,B05,2025-07-09 00:00:00,081-xxx-1624,False
C00354,ชนา,หญิง,35-44,B02,2025-08-11 00:00:00,083-xxx-9742,False
C00355,วีระ,หญิง,45-54,B02,2025-06-01 00:00:00,088-xxx-4479,False
C00356,พิม,ชาย,25-34,B03,2026-06-09 00:00:00,086-xxx-8388,False
C00357,ภูมิ,หญิง,45-54,B05,2025-11-12 00:00:00,088-xxx-7744,True
C00358,กิตติ,หญิง,18-24,B04,2026-05-23 00:00:00,086-xxx-7850,False
C00359,ปวีณ,หญิง,18-24,B01,2026-07-25 00:00:00,083-xxx-4235,False
C00360,ชนา,หญิง,25-34,B01,2025-07-08 00:00:00,089-xxx-4318,False
C00361,ชนา,ชาย,25-34,B04,2026-02-24 00:00:00,085-xxx-7482,False
C00362,พิม,หญิง,18-24,B01,2026-04-19 00:00:00,085-xxx-8106,False
C00363,ธนา,ชาย,45-54,B01,2026-07-20 00:00:00,089-xxx-4239,False
C00364,ธีร,ชาย,45-54,B02,2026-08-10 00:00:00,089-xxx-7679,False
C00365,ชนา,ชาย,25-34,B05,2025-07-19 00:00:00,081-xxx-4867,False
C00366,ธีร,หญิง,25-34,B02,2026-02-03 00:00:00,087-xxx-9815,False
C00367,ธนา,ชาย,18-24,B02,2025-04-11 00:00:00,082-xxx-9419,False
C00368,ณัฐ,หญิง,45-54,B04,2026-04-19 00:00:00,083-xxx-4198,False
C00369,กมล,ไม่ระบุ,55+,B05,2025-07-30 00:00:00,087-xxx-2954,False
C00370,วรรณ,หญิง,35-44,B05,2025-09-06 00:00:00,085-xxx-7093,True
C00371,ธนา,หญิง,25-34,B04,2025-12-19 00:00:00,088-xxx-6575,False
C00372,ภูมิ,หญิง,18-24,B05,2026-04-28 00:00:00,083-xxx-2574,False
C00373,กมล,ชาย,25-34,B01,2025-12-16 00:00:00,083-xxx-1139,False
C00374,กมล,หญิง,18-24,B02,2025-04-09 00:00:00,082-xxx-4357,True
C00375,สมชาย,ไม่ระบุ,45-54,B03,2025-12-08 00:00:00,089-xxx-6275,False
C00376,อัญชลี,หญิง,18-24,B01,2025-06-10 00:00:00,089-xxx-8585,False
C00377,วีระ,ชาย,ต่ำกว่า 18,B03,2026-08-31 00:00:00,086-xxx-4689,False
C00378,สุดา,หญิง,ต่ำกว่า 18,B05,2025-07-22 00:00:00,088-xxx-3667,False
C00379,กิตติ,หญิง,25-34,B03,2026-08-03 00:00:00,083-xxx-1871,False
C00380,จิรา,ชาย,25-34,B01,2025-11-28 00:00:00,085-xxx-4407,False
C00381,ภัทร,หญิง,25-34,B04,2025-10-16 00:00:00,087-xxx-8602,False
C00382,รัตนา,หญิง,25-34,B03,2026-05-31 00:00:00,089-xxx-8935,False
C00383,รัตนา,หญิง,18-24,B03,2026-03-16 00:00:00,083-xxx-5744,False
C00384,ทิพย์,หญิง,25-34,B04,2025-05-26 00:00:00,081-xxx-4275,False
C00385,ภัทร,หญิง,18-24,B01,2026-03-25 00:00:00,089-xxx-9399,False
C00386,ณัฐ,หญิง,45-54,B01,2025-12-10 00:00:00,083-xxx-1543,False
C00387,นภัส,หญิง,45-54,B04,2026-08-26 00:00:00,087-xxx-6392,False
C00388,กิตติ,ชาย,25-34,B02,2026-03-06 00:00:00,087-xxx-2438,False
C00389,ภัทร,ชาย,35-44,B03,2026-05-25 00:00:00,083-xxx-5681,False
C00390,อรุณ,หญิง,18-24,B05,2025-12-04 00:00:00,083-xxx-8365,False
C00391,ภัทร,ชาย,18-24,B01,2025-09-20 00:00:00,087-xxx-7331,False
C00392,จิรา,หญิง,18-24,B05,2026-03-01 00:00:00,087-xxx-6327,False
C00393,ธีร,ชาย,25-34,B04,2025-11-07 00:00:00,083-xxx-7210,False
C00394,สมชาย,หญิง,18-24,B05,2026-05-31 00:00:00,089-xxx-6300,False
C00395,กมล,ชาย,45-54,B01,2025-10-21 00:00:00,087-xxx-6345,False
C00396,สมชาย,ชาย,35-44,B01,2025-06-12 00:00:00,087-xxx-9103,False
C00397,สุดา,หญิง,55+,B02,2025-09-20 00:00:00,089-xxx-7239,False
C00398,ปิยะ,ชาย,55+,B05,2026-07-11 00:00:00,087-xxx-1169,False
C00399,สมชาย,ชาย,25-34,B01,2026-08-08 00:00:00,085-xxx-3385,False
C00400,ชนา,ชาย,35-44,B01,2026-06-15 00:00:00,082-xxx-8324,False
C00401,นภัส,หญิง,35-44,B01,2025-11-29 00:00:00,084-xxx-9238,False
C00402,ภูมิ,หญิง,18-24,B02,2025-07-20 00:00:00,086-xxx-5716,False
C00403,สุดา,หญิง,25-34,B01,2026-04-28 00:00:00,086-xxx-4277,False
C00404,ณัฐ,หญิง,18-24,B04,2025-12-15 00:00:00,089-xxx-7046,False
C00405,เกศ,หญิง,18-24,B03,2026-03-17 00:00:00,089-xxx-1341,False
C00406,ทิพย์,ชาย,35-44,B02,2026-02-01 00:00:00,086-xxx-1175,False
C00407,ธีร,หญิง,25-34,B01,2025-12-25 00:00:00,084-xxx-1008,False
C00408,ธนา,ชาย,25-34,B01,2026-03-09 00:00:00,084-xxx-9777,False
C00409,ภูมิ,หญิง,25-34,B02,2025-09-04 00:00:00,083-xxx-6951,False
C00410,ทิพย์,ชาย,18-24,B01,2025-11-22 00:00:00,088-xxx-1198,True
C00411,กิตติ,หญิง,25-34,B02,2025-06-12 00:00:00,087-xxx-5549,False
C00412,ภูมิ,ชาย,25-34,B03,2026-01-26 00:00:00,082-xxx-9619,False
C00413,เกศ,ชาย,18-24,B03,2026-02-06 00:00:00,083-xxx-1220,False
C00414,กมล,ชาย,45-54,B04,2026-08-23 00:00:00,083-xxx-8755,False
C00415,ภูมิ,หญิง,45-54,B03,2026-02-12 00:00:00,089-xxx-5134,False
C00416,ธีร,หญิง,25-34,B04,2025-09-07 00:00:00,082-xxx-7778,False
C00417,กิตติ,ชาย,18-24,B04,2026-08-07 00:00:00,085-xxx-6767,False
C00418,วีระ,ชาย,18-24,B01,2025-08-21 00:00:00,086-xxx-4077,False
C00419,ธนา,หญิง,25-34,B01,2026-05-13 00:00:00,088-xxx-3936,False
C00420,อัญชลี,ชาย,35-44,B03,2026-04-11 00:00:00,085-xxx-2818,False
C00421,กิตติ,หญิง,18-24,B01,2025-12-10 00:00:00,089-xxx-1597,False
C00422,อรุณ,หญิง,55+,B01,2026-03-04 00:00:00,086-xxx-5957,False
C00423,อัญชลี,ชาย,25-34,B01,2026-01-25 00:00:00,083-xxx-1340,False
C00424,ณัฐ,ชาย,45-54,B04,2026-05-14 00:00:00,084-xxx-4093,False
C00425,เกศ,หญิง,45-54,B02,2026-09-09 00:00:00,086-xxx-2382,False
C00426,กมล,หญิง,35-44,B01,2026-04-20 00:00:00,089-xxx-9811,False
C00427,ปวีณ,หญิง,18-24,B03,2025-12-20 00:00:00,085-xxx-6451,False
C00428,ภัทร,หญิง,35-44,B02,2025-10-23 00:00:00,082-xxx-2832,False
C00429,กมล,ชาย,25-34,B02,2025-12-20 00:00:00,088-xxx-1071,False
C00430,กมล,ชาย,25-34,B04,2025-07-22 00:00:00,089-xxx-4082,False
C00431,ณัฐ,ชาย,25-34,B03,2026-05-09 00:00:00,084-xxx-5191,False
C00432,ศิริ,หญิง,ต่ำกว่า 18,B01,2025-06-16 00:00:00,084-xxx-5671,False
C00433,ปิยะ,หญิง,25-34,B02,2025-06-12 00:00:00,089-xxx-4784,False
C00434,สุดา,ชาย,18-24,B02,2026-01-20 00:00:00,086-xxx-6363,False
C00435,ภัทร,หญิง,45-54,B05,2025-08-08 00:00:00,082-xxx-7622,False
C00436,รัตนา,หญิง,18-24,B01,2025-05-04 00:00:00,087-xxx-4523,False
C00437,รัตนา,ชาย,ต่ำกว่า 18,B03,2026-02-13 00:00:00,089-xxx-2820,False
C00438,ภูมิ,หญิง,25-34,B01,2026-06-30 00:00:00,084-xxx-6767,False
C00439,ธนา,หญิง,35-44,B05,2025-08-08 00:00:00,088-xxx-6502,False
C00440,ธีร,หญิง,55+,B01,2026-06-25 00:00:00,084-xxx-4794,False
C00441,วีระ,ชาย,25-34,B05,2025-12-18 00:00:00,082-xxx-4288,False
C00442,ศิริ,หญิง,25-34,B04,2026-07-25 00:00:00,082-xxx-3737,False
C00443,สุดา,ชาย,18-24,B05,2025-06-14 00:00:00,083-xxx-6886,False
C00444,ธีร,หญิง,55+,B02,2026-04-14 00:00:00,087-xxx-3681,False
C00445,นภัส,หญิง,18-24,B02,2026-08-18 00:00:00,085-xxx-8166,False
C00446,นภัส,หญิง,ต่ำกว่า 18,B05,2025-12-05 00:00:00,086-xxx-9729,False
C00447,วรรณ,ชาย,ต่ำกว่า 18,B02,2025-04-18 00:00:00,081-xxx-1871,False
C00448,ธีร,หญิง,35-44,B01,2026-01-25 00:00:00,083-xxx-1117,False
C00449,สมชาย,ชาย,18-24,B04,2026-03-03 00:00:00,085-xxx-8159,False
C00450,วรรณ,ชาย,45-54,B02,2025-07-23 00:00:00,081-xxx-8627,False
C00451,ศิริ,ไม่ระบุ,35-44,B02,2026-06-20 00:00:00,085-xxx-5735,False
C00452,ปวีณ,หญิง,35-44,B03,2026-02-04 00:00:00,084-xxx-1989,False
C00453,อัญชลี,หญิง,18-24,B02,2026-01-15 00:00:00,088-xxx-5889,False
C00454,ธนา,ชาย,35-44,B04,2025-09-26 00:00:00,087-xxx-3848,False
C00455,สมชาย,หญิง,55+,B05,2025-08-25 00:00:00,088-xxx-3623,False
C00456,ทิพย์,หญิง,45-54,B05,2026-01-01 00:00:00,085-xxx-3062,False
C00457,อัญชลี,ชาย,18-24,B02,2025-04-18 00:00:00,087-xxx-1336,False
C00458,สมชาย,ชาย,18-24,B04,2026-06-09 00:00:00,089-xxx-2801,False
C00459,อัญชลี,หญิง,25-34,B02,2026-04-18 00:00:00,085-xxx-4191,False
C00460,นภัส,หญิง,18-24,B03,2026-08-26 00:00:00,089-xxx-1372,True
C00461,ชนา,ชาย,ต่ำกว่า 18,B01,2025-08-22 00:00:00,089-xxx-2675,False
C00462,ศิริ,ชาย,18-24,B05,2026-05-10 00:00:00,082-xxx-2813,False
C00463,วรรณ,ชาย,25-34,B02,2026-04-20 00:00:00,089-xxx-2251,False
C00464,ธนา,หญิง,35-44,B02,2026-05-14 00:00:00,088-xxx-4527,False
C00465,ธนา,หญิง,18-24,B05,2025-06-03 00:00:00,085-xxx-7521,False
C00466,ชนา,หญิง,18-24,B03,2026-08-14 00:00:00,088-xxx-8686,False
C00467,อัญชลี,หญิง,18-24,B04,2026-05-31 00:00:00,088-xxx-5387,False
C00468,มานพ,ชาย,35-44,B05,2025-10-01 00:00:00,081-xxx-7919,False
C00469,ธีร,หญิง,18-24,B01,2025-11-14 00:00:00,089-xxx-4418,False
C00470,ชนา,หญิง,18-24,B03,2026-04-19 00:00:00,081-xxx-6967,False
C00471,กิตติ,หญิง,45-54,B05,2025-12-01 00:00:00,082-xxx-3245,False
C00472,ศิริ,ชาย,35-44,B01,2026-08-04 00:00:00,089-xxx-5400,False
C00473,รัตนา,หญิง,18-24,B03,2026-05-15 00:00:00,087-xxx-6546,False
C00474,วีระ,ชาย,18-24,B01,2026-07-01 00:00:00,083-xxx-2994,False
C00475,พิม,หญิง,55+,B03,2026-07-14 00:00:00,083-xxx-4563,False
C00476,ปวีณ,ชาย,18-24,B02,2025-10-20 00:00:00,082-xxx-3846,False
C00477,อัญชลี,ชาย,35-44,B01,2025-12-13 00:00:00,087-xxx-2865,False
C00478,ณัฐ,ชาย,25-34,B02,2026-06-08 00:00:00,086-xxx-8843,False
C00479,รัตนา,หญิง,35-44,B03,2026-08-02 00:00:00,085-xxx-3660,False
C00480,ปิยะ,ชาย,25-34,B02,2025-09-21 00:00:00,083-xxx-1657,False
C00481,ชนา,หญิง,25-34,B01,2026-06-12 00:00:00,087-xxx-6806,False
C00482,กิตติ,หญิง,18-24,B01,2025-11-28 00:00:00,089-xxx-3019,False
C00483,รัตนา,หญิง,35-44,B01,2025-10-03 00:00:00,086-xxx-3204,False
C00484,ปิยะ,หญิง,55+,B04,2026-09-06 00:00:00,088-xxx-9013,False
C00485,เกศ,หญิง,25-34,B05,2025-05-29 00:00:00,082-xxx-5217,False
C00486,กิตติ,ชาย,25-34,B04,2026-08-04 00:00:00,084-xxx-2111,False
C00487,ณัฐ,หญิง,35-44,B05,2026-04-14 00:00:00,089-xxx-5802,False
C00488,สมชาย,หญิง,35-44,B01,2026-09-09 00:00:00,083-xxx-9782,False
C00489,ธนา,ชาย,35-44,B04,2025-11-25 00:00:00,086-xxx-9366,False
C00490,รัตนา,หญิง,18-24,B05,2026-02-23 00:00:00,082-xxx-3710,False
C00491,วรรณ,ชาย,45-54,B05,2025-04-10 00:00:00,082-xxx-6318,False
C00492,มานพ,หญิง,45-54,B01,2025-07-15 00:00:00,088-xxx-4340,False
C00493,ณัฐ,ชาย,35-44,B01,2025-09-05 00:00:00,081-xxx-8296,False
C00494,วรรณ,ชาย,ต่ำกว่า 18,B02,2025-11-08 00:00:00,083-xxx-7109,False
C00495,สมชาย,ชาย,25-34,B01,2026-08-12 00:00:00,081-xxx-3446,False
C00496,ปิยะ,ชาย,25-34,B05,2026-07-01 00:00:00,084-xxx-2732,False
C00497,ศิริ,ชาย,45-54,B01,2026-05-07 00:00:00,089-xxx-9732,False
C00498,เกศ,หญิง,25-34,B03,2026-01-12 00:00:00,086-xxx-4388,False
C00499,นภัส,หญิง,25-34,B05,2026-07-12 00:00:00,085-xxx-6791,False
C00500,ทิพย์,หญิง,25-34,B05,2025-06-30 00:00:00,087-xxx-9172,False
C00501,สุดา,ชาย,18-24,B03,2025-12-24 00:00:00,088-xxx-3737,False
C00502,วรรณ,หญิง,55+,B02,2026-03-29 00:00:00,083-xxx-6782,False
C00503,อัญชลี,ชาย,35-44,B03,2025-11-15 00:00:00,083-xxx-4392,False
C00504,ชนา,หญิง,35-44,B01,2025-08-10 00:00:00,088-xxx-7000,False
C00505,กิตติ,หญิง,25-34,B01,2026-04-21 00:00:00,085-xxx-4896,False
C00506,อรุณ,หญิง,18-24,B04,2025-04-15 00:00:00,082-xxx-4032,False
C00507,สุดา,หญิง,35-44,B01,2026-07-28 00:00:00,081-xxx-9347,False
C00508,สุดา,หญิง,18-24,B01,2025-05-31 00:00:00,089-xxx-5264,False
C00509,จิรา,หญิง,18-24,B05,2025-06-02 00:00:00,083-xxx-7329,False
C00510,รัตนา,ชาย,25-34,B01,2026-08-27 00:00:00,087-xxx-4099,False
C00511,จิรา,หญิง,25-34,B04,2025-07-28 00:00:00,088-xxx-4301,False
C00512,อัญชลี,หญิง,25-34,B01,2025-10-14 00:00:00,082-xxx-9667,False
C00513,มานพ,ไม่ระบุ,45-54,B03,2026-05-30 00:00:00,085-xxx-7377,False
C00514,สมชาย,หญิง,25-34,B01,2025-09-24 00:00:00,088-xxx-7817,False
C00515,วีระ,หญิง,35-44,B03,2026-02-19 00:00:00,083-xxx-6648,False
C00516,ภูมิ,ไม่ระบุ,25-34,B03,2026-05-08 00:00:00,089-xxx-7748,False
C00517,อรุณ,หญิง,35-44,B05,2026-04-04 00:00:00,088-xxx-6655,False
C00518,ปวีณ,ชาย,25-34,B01,2026-02-22 00:00:00,082-xxx-8104,False
C00519,รัตนา,หญิง,25-34,B04,2026-01-15 00:00:00,088-xxx-5701,False
C00520,ธีร,หญิง,25-34,B04,2026-09-13 00:00:00,088-xxx-7575,False
C00521,ศิริ,ชาย,25-34,B04,2025-12-01 00:00:00,087-xxx-5977,False
C00522,มานพ,ชาย,25-34,B05,2025-09-17 00:00:00,087-xxx-7582,False
C00523,ธนา,ชาย,35-44,B04,2026-07-24 00:00:00,084-xxx-6046,False
C00524,สุดา,ชาย,18-24,B03,2026-05-11 00:00:00,085-xxx-3564,False
C00525,ปิยะ,หญิง,25-34,B01,2025-04-09 00:00:00,086-xxx-9142,False
C00526,ทิพย์,ชาย,35-44,B03,2026-02-05 00:00:00,083-xxx-2183,False
C00527,ธีร,ชาย,25-34,B05,2025-07-30 00:00:00,082-xxx-6292,False
C00528,ณัฐ,ไม่ระบุ,25-34,B05,2026-09-09 00:00:00,083-xxx-4068,False
C00529,รัตนา,หญิง,55+,B02,2025-11-25 00:00:00,089-xxx-3223,False
C00530,ปวีณ,ชาย,25-34,B04,2026-01-22 00:00:00,087-xxx-9352,False
C00531,พิม,ชาย,45-54,B05,2026-08-01 00:00:00,088-xxx-9344,False
C00532,ภูมิ,ชาย,ต่ำกว่า 18,B05,2025-09-05 00:00:00,083-xxx-9904,False
C00533,สุดา,หญิง,35-44,B01,2025-05-16 00:00:00,089-xxx-5726,False
C00534,อัญชลี,ไม่ระบุ,35-44,B01,2026-09-10 00:00:00,088-xxx-6345,False
C00535,เกศ,ชาย,25-34,B04,2026-03-26 00:00:00,081-xxx-4530,False
C00536,ชนา,หญิง,18-24,B05,2026-04-04 00:00:00,083-xxx-5280,False
C00537,ศิริ,หญิง,18-24,B01,2026-09-07 00:00:00,086-xxx-4706,False
C00538,ทิพย์,หญิง,25-34,B03,2026-05-23 00:00:00,082-xxx-6699,False
C00539,เกศ,ชาย,ต่ำกว่า 18,B05,2025-04-01 00:00:00,083-xxx-5549,True
C00540,กมล,ชาย,25-34,B03,2026-04-26 00:00:00,082-xxx-2148,False
C00541,ธนา,ชาย,25-34,B01,2025-05-29 00:00:00,081-xxx-2484,False
C00542,อัญชลี,ชาย,55+,B02,2026-06-13 00:00:00,088-xxx-1649,True
C00543,อรุณ,ชาย,55+,B01,2026-08-26 00:00:00,089-xxx-5516,False
C00544,ทิพย์,หญิง,25-34,B05,2026-08-21 00:00:00,082-xxx-3106,False
C00545,วีระ,ชาย,45-54,B02,2026-08-08 00:00:00,086-xxx-5363,False
C00546,ภูมิ,หญิง,25-34,B04,2026-03-08 00:00:00,089-xxx-3795,False
C00547,วีระ,หญิง,25-34,B01,2026-03-15 00:00:00,089-xxx-8178,False
C00548,ณัฐ,หญิง,25-34,B04,2026-09-11 00:00:00,085-xxx-8709,False
C00549,นภัส,หญิง,35-44,B02,2026-03-22 00:00:00,089-xxx-1506,False
C00550,นภัส,ชาย,18-24,B04,2026-08-24 00:00:00,089-xxx-8990,False
C00551,อัญชลี,ชาย,18-24,B02,2026-04-12 00:00:00,086-xxx-4040,False
C00552,ปิยะ,หญิง,35-44,B05,2025-06-29 00:00:00,088-xxx-5367,False
C00553,รัตนา,หญิง,35-44,B04,2026-05-01 00:00:00,088-xxx-1968,False
C00554,สมชาย,ชาย,18-24,B01,2026-05-12 00:00:00,089-xxx-1499,False
C00555,ปวีณ,ชาย,55+,B04,2026-06-11 00:00:00,086-xxx-8450,False
C00556,ปิยะ,ชาย,35-44,B02,2026-07-26 00:00:00,085-xxx-4564,False
C00557,กมล,ชาย,18-24,B01,2026-08-25 00:00:00,085-xxx-2401,False
C00558,พิม,หญิง,35-44,B03,2025-12-07 00:00:00,083-xxx-8056,False
C00559,ศิริ,หญิง,18-24,B02,2026-01-19 00:00:00,087-xxx-6285,False
C00560,เกศ,หญิง,35-44,B02,2025-07-12 00:00:00,082-xxx-7957,False
C00561,นภัส,ชาย,18-24,B01,2025-12-05 00:00:00,085-xxx-5290,False
C00562,กิตติ,หญิง,18-24,B05,2025-06-30 00:00:00,085-xxx-4606,False
C00563,อัญชลี,หญิง,25-34,B01,2025-08-06 00:00:00,081-xxx-8122,False
C00564,ชนา,ชาย,25-34,B01,2026-01-08 00:00:00,082-xxx-6026,False
C00565,ภูมิ,หญิง,25-34,B03,2026-07-24 00:00:00,083-xxx-6183,False
C00566,ณัฐ,หญิง,25-34,B01,2025-05-14 00:00:00,088-xxx-3694,False
C00567,เกศ,ไม่ระบุ,35-44,B04,2026-06-08 00:00:00,081-xxx-5459,False
C00568,วีระ,ชาย,25-34,B02,2025-07-08 00:00:00,086-xxx-4653,False
C00569,สมชาย,ชาย,25-34,B02,2025-04-12 00:00:00,084-xxx-4298,False
C00570,อรุณ,ชาย,35-44,B01,2025-08-19 00:00:00,084-xxx-9686,False
C00571,ปวีณ,ชาย,35-44,B05,2025-08-09 00:00:00,085-xxx-7634,False
C00572,ภูมิ,ชาย,55+,B05,2026-05-04 00:00:00,088-xxx-3772,False
C00573,ภูมิ,ชาย,18-24,B01,2026-08-14 00:00:00,085-xxx-9243,False
C00574,อัญชลี,ชาย,55+,B05,2025-07-23 00:00:00,082-xxx-8051,False
C00575,ภูมิ,หญิง,18-24,B05,2026-06-16 00:00:00,084-xxx-1684,False
C00576,สุดา,หญิง,18-24,B01,2026-08-06 00:00:00,088-xxx-9640,False
C00577,ศิริ,หญิง,35-44,B05,2026-04-17 00:00:00,086-xxx-7625,False
C00578,นภัส,หญิง,18-24,B04,2025-05-27 00:00:00,083-xxx-8844,True
C00579,อรุณ,หญิง,35-44,B02,2026-06-13 00:00:00,082-xxx-9979,False
C00580,เกศ,ชาย,25-34,B02,2026-03-05 00:00:00,084-xxx-5105,False
C00581,รัตนา,ชาย,55+,B04,2025-07-01 00:00:00,083-xxx-8493,False
C00582,ธนา,หญิง,35-44,B01,2025-12-14 00:00:00,084-xxx-4364,False
C00583,ภัทร,หญิง,25-34,B02,2025-08-27 00:00:00,084-xxx-6591,False
C00584,รัตนา,ชาย,35-44,B03,2025-12-17 00:00:00,082-xxx-9998,False
C00585,มานพ,หญิง,18-24,B01,2026-09-11 00:00:00,086-xxx-9431,False
C00586,ธีร,ชาย,25-34,B05,2025-09-24 00:00:00,088-xxx-4308,False
C00587,สุดา,หญิง,35-44,B01,2025-10-01 00:00:00,086-xxx-3788,False
C00588,อัญชลี,ชาย,25-34,B01,2026-04-06 00:00:00,083-xxx-9099,False
C00589,ปวีณ,หญิง,25-34,B05,2025-07-23 00:00:00,088-xxx-9195,False
C00590,เกศ,หญิง,18-24,B01,2026-02-01 00:00:00,089-xxx-3588,False
C00591,ปิยะ,หญิง,25-34,B05,2025-04-12 00:00:00,089-xxx-1959,False
C00592,ธนา,ชาย,35-44,B03,2026-01-22 00:00:00,088-xxx-3249,False
C00593,ปวีณ,ไม่ระบุ,35-44,B03,2026-06-16 00:00:00,081-xxx-5105,False
C00594,กิตติ,หญิง,18-24,B03,2026-04-07 00:00:00,081-xxx-1712,False
C00595,อัญชลี,หญิง,25-34,B05,2025-04-07 00:00:00,089-xxx-8040,False
C00596,ศิริ,หญิง,25-34,B05,2025-06-15 00:00:00,089-xxx-7786,False
C00597,ปวีณ,ชาย,25-34,B03,2026-04-29 00:00:00,082-xxx-4643,False
C00598,ธนา,หญิง,55+,B05,2025-06-22 00:00:00,089-xxx-5729,False
C00599,กมล,ชาย,35-44,B05,2025-12-16 00:00:00,084-xxx-6893,False
C00600,ปิยะ,หญิง,18-24,B05,2025-09-15 00:00:00,087-xxx-1266,False
C00601,สมชาย,หญิง,35-44,B03,2026-08-24 00:00:00,086-xxx-3488,False
C00602,ทิพย์,ชาย,18-24,B01,2025-08-15 00:00:00,087-xxx-5021,False
C00603,รัตนา,หญิง,25-34,B01,2025-05-11 00:00:00,082-xxx-1164,False
C00604,ธนา,หญิง,25-34,B02,2025-09-28 00:00:00,082-xxx-1687,True
C00605,สุดา,ชาย,25-34,B01,2026-04-24 00:00:00,085-xxx-9347,False
C00606,พิม,หญิง,25-34,B03,2026-06-27 00:00:00,083-xxx-9895,False
C00607,สุดา,ชาย,25-34,B01,2025-06-24 00:00:00,086-xxx-7140,False
C00608,ภูมิ,หญิง,18-24,B02,2025-04-11 00:00:00,083-xxx-7987,False
C00609,อรุณ,ชาย,18-24,B01,2026-07-10 00:00:00,086-xxx-2954,False
C00610,อัญชลี,ชาย,25-34,B02,2026-03-12 00:00:00,089-xxx-8142,False
C00611,ศิริ,ชาย,25-34,B02,2025-12-02 00:00:00,088-xxx-1843,False
C00612,ภัทร,หญิง,45-54,B03,2025-12-04 00:00:00,082-xxx-6279,False
C00613,ภัทร,ชาย,ต่ำกว่า 18,B01,2025-05-14 00:00:00,088-xxx-4127,False
C00614,วรรณ,ชาย,45-54,B05,2026-09-08 00:00:00,086-xxx-9110,False
C00615,ศิริ,ชาย,18-24,B02,2025-10-21 00:00:00,081-xxx-8619,True
C00616,กมล,ชาย,35-44,B01,2025-05-22 00:00:00,083-xxx-5383,False
C00617,กิตติ,หญิง,25-34,B02,2025-07-30 00:00:00,085-xxx-5075,False
C00618,มานพ,ชาย,55+,B01,2026-02-04 00:00:00,086-xxx-6223,False
C00619,กมล,หญิง,18-24,B03,2026-08-26 00:00:00,089-xxx-6564,False
C00620,เกศ,หญิง,18-24,B01,2026-05-10 00:00:00,083-xxx-2638,False
C00621,พิม,ชาย,25-34,B05,2026-05-09 00:00:00,083-xxx-2006,False
C00622,นภัส,ชาย,35-44,B01,2025-05-07 00:00:00,089-xxx-6631,False
C00623,ชนา,ชาย,35-44,B03,2025-11-08 00:00:00,088-xxx-3800,False
C00624,ภัทร,หญิง,45-54,B02,2025-09-25 00:00:00,088-xxx-6445,False
C00625,ภูมิ,ชาย,35-44,B02,2025-12-02 00:00:00,087-xxx-5843,False
C00626,รัตนา,ชาย,55+,B05,2026-01-15 00:00:00,088-xxx-2586,False
C00627,กมล,หญิง,ต่ำกว่า 18,B01,2026-05-10 00:00:00,085-xxx-5234,False
C00628,สุดา,ชาย,25-34,B05,2026-06-19 00:00:00,081-xxx-8836,False
C00629,มานพ,ไม่ระบุ,18-24,B02,2025-05-16 00:00:00,089-xxx-1440,False
C00630,มานพ,หญิง,35-44,B04,2025-11-17 00:00:00,085-xxx-7974,False
C00631,กมล,หญิง,25-34,B01,2026-08-13 00:00:00,082-xxx-3651,False
C00632,อัญชลี,ชาย,25-34,B04,2025-08-05 00:00:00,082-xxx-7987,False
C00633,ปิยะ,ชาย,18-24,B04,2026-02-12 00:00:00,086-xxx-4447,False
C00634,วรรณ,ชาย,45-54,B02,2026-04-13 00:00:00,089-xxx-6088,False
C00635,สุดา,ไม่ระบุ,25-34,B05,2026-09-13 00:00:00,083-xxx-3606,False
C00636,สมชาย,ชาย,ต่ำกว่า 18,B04,2025-04-16 00:00:00,083-xxx-9085,False
C00637,จิรา,ชาย,18-24,B05,2025-12-15 00:00:00,086-xxx-1988,False
C00638,วีระ,ชาย,25-34,B01,2026-04-18 00:00:00,081-xxx-5078,False
C00639,สุดา,หญิง,25-34,B04,2025-11-28 00:00:00,086-xxx-5852,False
C00640,พิม,หญิง,35-44,B03,2025-12-20 00:00:00,081-xxx-3544,False
C00641,พิม,ชาย,18-24,B02,2026-08-08 00:00:00,088-xxx-4523,False
C00642,พิม,หญิง,18-24,B01,2025-12-12 00:00:00,087-xxx-9563,False
C00643,มานพ,หญิง,25-34,B01,2025-11-15 00:00:00,087-xxx-5616,False
C00644,ภูมิ,หญิง,18-24,B05,2025-10-21 00:00:00,089-xxx-8341,False
C00645,ชนา,หญิง,35-44,B01,2025-11-05 00:00:00,082-xxx-9100,False
C00646,สมชาย,ชาย,45-54,B01,2025-09-21 00:00:00,089-xxx-5388,False
C00647,วรรณ,ชาย,25-34,B01,2025-09-23 00:00:00,081-xxx-8345,False
C00648,ปวีณ,หญิง,18-24,B02,2026-02-01 00:00:00,083-xxx-1412,False
C00649,กิตติ,ชาย,45-54,B01,2025-05-19 00:00:00,081-xxx-9550,False
C00650,ธีร,หญิง,55+,B01,2025-12-09 00:00:00,082-xxx-5002,False
C00651,ปิยะ,ชาย,25-34,B01,2026-03-12 00:00:00,089-xxx-2928,False
C00652,อัญชลี,ชาย,35-44,B03,2026-08-01 00:00:00,086-xxx-1877,False
C00653,กิตติ,หญิง,18-24,B05,2026-08-10 00:00:00,089-xxx-4416,False
C00654,กิตติ,หญิง,35-44,B05,2026-03-24 00:00:00,087-xxx-5783,False
C00655,เกศ,ชาย,18-24,B01,2026-03-06 00:00:00,089-xxx-8562,False
C00656,สมชาย,หญิง,35-44,B03,2026-03-20 00:00:00,087-xxx-6778,True
C00657,มานพ,ชาย,18-24,B04,2025-04-21 00:00:00,085-xxx-3479,False
C00658,นภัส,ชาย,25-34,B01,2025-05-06 00:00:00,085-xxx-9699,False
C00659,กิตติ,ชาย,25-34,B05,2025-10-30 00:00:00,087-xxx-5199,False
C00660,ปวีณ,ชาย,45-54,B05,2025-04-13 00:00:00,085-xxx-8453,False
C00661,อรุณ,หญิง,25-34,B02,2026-02-28 00:00:00,089-xxx-8849,False
C00662,จิรา,ชาย,25-34,B05,2025-05-26 00:00:00,086-xxx-1068,False
C00663,วรรณ,หญิง,18-24,B03,2026-07-25 00:00:00,086-xxx-2599,False
C00664,ทิพย์,หญิง,25-34,B02,2026-06-23 00:00:00,089-xxx-6114,False
C00665,สุดา,ไม่ระบุ,25-34,B01,2025-07-05 00:00:00,081-xxx-4719,False
C00666,สุดา,หญิง,25-34,B04,2025-08-22 00:00:00,089-xxx-1638,False
C00667,ธีร,หญิง,25-34,B02,2026-01-29 00:00:00,082-xxx-4177,False
C00668,วีระ,ชาย,55+,B02,2026-01-14 00:00:00,085-xxx-4571,False
C00669,นภัส,ชาย,18-24,B04,2026-03-22 00:00:00,083-xxx-7778,False
C00670,อรุณ,หญิง,25-34,B04,2025-12-30 00:00:00,084-xxx-1578,False
C00671,ศิริ,ไม่ระบุ,ต่ำกว่า 18,B05,2025-12-12 00:00:00,084-xxx-8603,False
C00672,จิรา,ชาย,18-24,B02,2025-10-20 00:00:00,082-xxx-9698,False
C00673,เกศ,ชาย,18-24,B02,2025-08-01 00:00:00,089-xxx-7917,False
C00674,วีระ,ชาย,55+,B01,2026-01-23 00:00:00,081-xxx-2349,False
C00675,สมชาย,หญิง,45-54,B05,2026-04-05 00:00:00,081-xxx-8459,False
C00676,เกศ,หญิง,ต่ำกว่า 18,B04,2026-06-13 00:00:00,081-xxx-9504,False
C00677,ศิริ,หญิง,35-44,B01,2025-12-31 00:00:00,082-xxx-1137,False
C00678,ธีร,หญิง,18-24,B01,2026-02-27 00:00:00,083-xxx-3403,False
C00679,ชนา,หญิง,25-34,B02,2026-06-18 00:00:00,086-xxx-1658,False
C00680,กิตติ,หญิง,25-34,B01,2026-03-21 00:00:00,086-xxx-8667,False
C00681,กมล,หญิง,35-44,B02,2026-01-20 00:00:00,089-xxx-9137,False
C00682,กิตติ,หญิง,25-34,B03,2026-08-30 00:00:00,088-xxx-4723,False
C00683,ชนา,ชาย,35-44,B02,2025-11-23 00:00:00,088-xxx-2053,False
C00684,จิรา,ชาย,35-44,B02,2026-02-08 00:00:00,088-xxx-9153,False
C00685,ชนา,หญิง,45-54,B03,2026-02-13 00:00:00,084-xxx-9947,False
C00686,ศิริ,ชาย,35-44,B04,2025-09-10 00:00:00,084-xxx-8555,False
C00687,อัญชลี,ชาย,35-44,B04,2026-05-29 00:00:00,085-xxx-6248,False
C00688,รัตนา,หญิง,25-34,B04,2025-04-07 00:00:00,089-xxx-9191,False
C00689,ชนา,ชาย,25-34,B05,2025-11-02 00:00:00,086-xxx-9155,False
C00690,วรรณ,ชาย,18-24,B04,2025-08-23 00:00:00,089-xxx-7673,False
C00691,กิตติ,หญิง,35-44,B02,2026-04-30 00:00:00,086-xxx-7751,False
C00692,ศิริ,ชาย,18-24,B05,2026-01-22 00:00:00,086-xxx-1004,False
C00693,อัญชลี,ชาย,18-24,B04,2026-08-13 00:00:00,087-xxx-8801,False
C00694,กมล,หญิง,25-34,B04,2026-07-14 00:00:00,081-xxx-1657,False
C00695,ชนา,ชาย,25-34,B05,2025-07-19 00:00:00,083-xxx-6284,False
C00696,ภูมิ,ชาย,55+,B05,2025-05-17 00:00:00,089-xxx-1657,False
C00697,วีระ,ชาย,35-44,B02,2025-11-22 00:00:00,083-xxx-7511,False
C00698,จิรา,หญิง,25-34,B01,2025-06-19 00:00:00,085-xxx-3460,False
C00699,รัตนา,ชาย,55+,B04,2026-05-20 00:00:00,084-xxx-6724,False
C00700,นภัส,ชาย,55+,B05,2025-10-30 00:00:00,087-xxx-4651,False
C00701,นภัส,หญิง,25-34,B01,2025-04-01 00:00:00,087-xxx-6012,False
C00702,ธนา,หญิง,18-24,B02,2025-09-09 00:00:00,083-xxx-5440,False
C00703,อัญชลี,ชาย,25-34,B01,2025-11-13 00:00:00,086-xxx-7415,False
C00704,ทิพย์,หญิง,45-54,B03,2026-02-21 00:00:00,081-xxx-7161,False
C00705,กิตติ,หญิง,35-44,B05,2026-09-09 00:00:00,084-xxx-9415,False
C00706,สมชาย,หญิง,18-24,B01,2025-11-19 00:00:00,082-xxx-7898,False
C00707,ธีร,หญิง,25-34,B05,2025-09-11 00:00:00,089-xxx-4137,False
C00708,กิตติ,ชาย,35-44,B04,2026-03-24 00:00:00,086-xxx-1999,False
C00709,กมล,หญิง,25-34,B02,2025-12-16 00:00:00,087-xxx-8168,False
C00710,สมชาย,หญิง,25-34,B05,2025-07-18 00:00:00,089-xxx-5268,False
C00711,มานพ,หญิง,55+,B05,2025-07-27 00:00:00,087-xxx-7867,False
C00712,สมชาย,ไม่ระบุ,18-24,B05,2026-04-27 00:00:00,087-xxx-2866,False
C00713,รัตนา,หญิง,35-44,B04,2025-07-29 00:00:00,086-xxx-4454,False
C00714,สมชาย,ชาย,45-54,B02,2026-01-12 00:00:00,085-xxx-5323,False
C00715,อัญชลี,หญิง,25-34,B05,2025-04-10 00:00:00,089-xxx-6193,False
C00716,ปิยะ,หญิง,25-34,B04,2025-05-02 00:00:00,081-xxx-4728,False
C00717,อรุณ,ชาย,25-34,B05,2026-06-08 00:00:00,088-xxx-7498,False
C00718,ธีร,ชาย,25-34,B01,2026-07-19 00:00:00,086-xxx-3100,False
C00719,สุดา,ชาย,35-44,B04,2025-11-26 00:00:00,088-xxx-8917,False
C00720,รัตนา,หญิง,35-44,B05,2025-10-19 00:00:00,081-xxx-6295,False
C00721,กิตติ,ชาย,25-34,B01,2026-03-13 00:00:00,089-xxx-3837,False
C00722,ณัฐ,ชาย,25-34,B03,2026-06-27 00:00:00,083-xxx-7139,False
C00723,นภัส,ชาย,35-44,B01,2025-10-23 00:00:00,081-xxx-8741,False
C00724,เกศ,ไม่ระบุ,18-24,B01,2026-03-21 00:00:00,083-xxx-3378,False
C00725,ปวีณ,ชาย,25-34,B02,2025-12-06 00:00:00,084-xxx-2030,False
C00726,ธนา,ชาย,55+,B04,2025-08-26 00:00:00,082-xxx-7571,False
C00727,ชนา,ไม่ระบุ,25-34,B03,2025-12-28 00:00:00,081-xxx-6463,False
C00728,อัญชลี,ชาย,35-44,B04,2026-04-03 00:00:00,085-xxx-3971,False
C00729,ทิพย์,ชาย,25-34,B02,2025-04-14 00:00:00,088-xxx-4131,False
C00730,ชนา,หญิง,18-24,B03,2025-11-22 00:00:00,082-xxx-6736,False
C00731,ศิริ,หญิง,25-34,B02,2025-09-08 00:00:00,083-xxx-3274,False
C00732,กิตติ,ชาย,35-44,B02,2025-07-24 00:00:00,088-xxx-3188,False
C00733,วีระ,ชาย,25-34,B05,2025-11-17 00:00:00,085-xxx-5146,False
C00734,รัตนา,หญิง,35-44,B02,2026-07-25 00:00:00,082-xxx-5194,False
C00735,ภัทร,หญิง,25-34,B05,2025-10-24 00:00:00,088-xxx-3216,False
C00736,ธีร,หญิง,18-24,B04,2025-05-24 00:00:00,082-xxx-8994,False
C00737,มานพ,หญิง,18-24,B05,2026-06-10 00:00:00,085-xxx-4361,False
C00738,มานพ,ชาย,55+,B04,2026-04-12 00:00:00,086-xxx-9098,False
C00739,กิตติ,ไม่ระบุ,25-34,B05,2025-05-08 00:00:00,083-xxx-7692,False
C00740,ธนา,หญิง,35-44,B03,2026-07-30 00:00:00,089-xxx-7545,False
C00741,ณัฐ,ชาย,25-34,B02,2026-04-21 00:00:00,081-xxx-8301,False
C00742,วรรณ,หญิง,25-34,B02,2025-11-28 00:00:00,085-xxx-2673,False
C00743,รัตนา,ชาย,45-54,B05,2025-04-18 00:00:00,081-xxx-1209,False
C00744,กมล,หญิง,18-24,B02,2025-04-27 00:00:00,086-xxx-2790,False
C00745,สมชาย,ชาย,25-34,B05,2025-11-06 00:00:00,086-xxx-9000,False
C00746,ชนา,หญิง,18-24,B05,2026-06-30 00:00:00,082-xxx-4197,False
C00747,กิตติ,ชาย,55+,B05,2026-06-26 00:00:00,086-xxx-8364,False
C00748,ธนา,หญิง,45-54,B01,2026-04-19 00:00:00,085-xxx-5359,False
C00749,อรุณ,หญิง,25-34,B05,2026-05-22 00:00:00,085-xxx-9481,False
C00750,จิรา,ชาย,18-24,B03,2026-04-25 00:00:00,086-xxx-5664,False
C00751,ปิยะ,ชาย,25-34,B03,2026-09-03 00:00:00,087-xxx-1199,False
C00752,ชนา,หญิง,45-54,B05,2025-06-28 00:00:00,089-xxx-1458,False
C00753,ภัทร,ชาย,35-44,B01,2025-08-01 00:00:00,086-xxx-2116,False
C00754,รัตนา,หญิง,45-54,B03,2026-06-25 00:00:00,085-xxx-6640,False
C00755,สุดา,หญิง,45-54,B03,2026-06-12 00:00:00,088-xxx-6441,False
C00756,พิม,หญิง,18-24,B01,2026-05-14 00:00:00,089-xxx-8241,False
C00757,อัญชลี,ชาย,25-34,B05,2025-05-26 00:00:00,086-xxx-3645,False
C00758,ทิพย์,ชาย,18-24,B02,2025-08-01 00:00:00,088-xxx-7705,False
C00759,อรุณ,ชาย,18-24,B01,2025-04-03 00:00:00,082-xxx-8876,False
C00760,อัญชลี,ชาย,18-24,B02,2025-05-18 00:00:00,084-xxx-2827,False
C00761,ธนา,ชาย,55+,B05,2025-08-01 00:00:00,088-xxx-8751,False
C00762,กมล,ชาย,45-54,B01,2026-05-24 00:00:00,083-xxx-8661,False
C00763,ศิริ,หญิง,45-54,B03,2026-05-16 00:00:00,086-xxx-4681,False
C00764,กิตติ,ชาย,18-24,B01,2026-07-24 00:00:00,087-xxx-7716,False
C00765,วรรณ,ชาย,18-24,B01,2025-05-09 00:00:00,081-xxx-9387,True
C00766,จิรา,หญิง,18-24,B05,2025-12-25 00:00:00,083-xxx-9892,False
C00767,อรุณ,หญิง,25-34,B04,2025-09-10 00:00:00,088-xxx-5848,False
C00768,ภัทร,ชาย,45-54,B04,2025-06-15 00:00:00,084-xxx-4545,False
C00769,สมชาย,หญิง,25-34,B05,2025-05-11 00:00:00,088-xxx-7744,True
C00770,ปวีณ,ชาย,25-34,B04,2026-03-09 00:00:00,085-xxx-8296,False
C00771,ทิพย์,ชาย,45-54,B01,2025-08-20 00:00:00,086-xxx-7973,False
C00772,ภูมิ,ชาย,25-34,B03,2026-04-01 00:00:00,083-xxx-5988,False
C00773,พิม,ชาย,45-54,B04,2025-11-07 00:00:00,084-xxx-7038,False
C00774,วีระ,หญิง,55+,B02,2025-12-27 00:00:00,089-xxx-9520,False
C00775,ธีร,หญิง,25-34,B05,2025-09-13 00:00:00,086-xxx-3293,False
C00776,ทิพย์,ชาย,35-44,B05,2025-11-04 00:00:00,088-xxx-1506,False
C00777,ปิยะ,ชาย,35-44,B03,2026-04-06 00:00:00,083-xxx-5976,False
C00778,สมชาย,ชาย,18-24,B02,2025-05-03 00:00:00,088-xxx-6605,False
C00779,วีระ,ชาย,25-34,B04,2026-08-24 00:00:00,085-xxx-4916,False
C00780,อัญชลี,ไม่ระบุ,18-24,B03,2026-03-02 00:00:00,081-xxx-3332,False
C00781,ศิริ,ชาย,55+,B01,2025-05-24 00:00:00,086-xxx-1883,False
C00782,กมล,ชาย,25-34,B03,2026-02-07 00:00:00,083-xxx-4139,False
C00783,ธนา,ชาย,25-34,B05,2026-02-04 00:00:00,083-xxx-8369,False
C00784,ชนา,หญิง,18-24,B04,2026-05-19 00:00:00,085-xxx-2702,False
C00785,ธีร,หญิง,45-54,B04,2025-06-26 00:00:00,081-xxx-3642,False
C00786,ณัฐ,ชาย,25-34,B01,2026-08-07 00:00:00,089-xxx-3897,False
C00787,ปวีณ,ชาย,18-24,B05,2025-08-21 00:00:00,083-xxx-1020,False
C00788,อัญชลี,ไม่ระบุ,25-34,B02,2025-10-13 00:00:00,082-xxx-4084,False
C00789,เกศ,หญิง,25-34,B01,2025-09-23 00:00:00,083-xxx-9412,False
C00790,ปิยะ,หญิง,25-34,B04,2026-04-15 00:00:00,089-xxx-1390,False
C00791,วรรณ,หญิง,25-34,B04,2026-03-16 00:00:00,083-xxx-9243,False
C00792,มานพ,หญิง,18-24,B01,2025-08-10 00:00:00,086-xxx-5855,False
C00793,สมชาย,หญิง,18-24,B05,2026-06-24 00:00:00,086-xxx-3403,False
C00794,สมชาย,หญิง,18-24,B04,2025-06-06 00:00:00,083-xxx-5536,False
C00795,กิตติ,ไม่ระบุ,25-34,B02,2025-12-23 00:00:00,082-xxx-5546,False
C00796,กิตติ,ชาย,35-44,B01,2025-04-21 00:00:00,084-xxx-7158,False
C00797,สุดา,หญิง,18-24,B01,2025-11-22 00:00:00,082-xxx-6223,False
C00798,กิตติ,ชาย,25-34,B02,2026-01-04 00:00:00,085-xxx-4666,False
C00799,ภัทร,หญิง,35-44,B02,2026-04-21 00:00:00,082-xxx-8183,False
C00800,มานพ,หญิง,18-24,B01,2026-06-30 00:00:00,085-xxx-7442,False
C00801,ชนา,ชาย,35-44,B03,2026-05-13 00:00:00,086-xxx-8976,False
C00802,มานพ,ชาย,18-24,B02,2025-09-09 00:00:00,086-xxx-6319,False
C00803,กิตติ,ชาย,35-44,B05,2026-01-16 00:00:00,086-xxx-9827,False
C00804,ชนา,หญิง,25-34,B05,2026-05-25 00:00:00,082-xxx-5656,False
C00805,ณัฐ,หญิง,25-34,B05,2026-01-15 00:00:00,087-xxx-4516,False
C00806,รัตนา,หญิง,18-24,B01,2026-04-08 00:00:00,082-xxx-1106,False
C00807,มานพ,ชาย,45-54,B01,2025-05-17 00:00:00,086-xxx-5781,False
C00808,ศิริ,ชาย,25-34,B03,2026-05-17 00:00:00,085-xxx-1318,False
C00809,ธนา,ชาย,25-34,B02,2025-07-06 00:00:00,088-xxx-5383,False
C00810,มานพ,ไม่ระบุ,45-54,B04,2026-02-16 00:00:00,084-xxx-8386,False
C00811,สุดา,หญิง,18-24,B03,2026-08-19 00:00:00,083-xxx-4738,False
C00812,ชนา,ชาย,45-54,B03,2026-01-15 00:00:00,087-xxx-5941,False
C00813,จิรา,ไม่ระบุ,18-24,B02,2026-06-10 00:00:00,089-xxx-6805,False
C00814,อรุณ,หญิง,45-54,B01,2026-07-14 00:00:00,086-xxx-2026,False
C00815,สุดา,หญิง,18-24,B02,2025-05-06 00:00:00,085-xxx-1217,False
C00816,ชนา,หญิง,45-54,B01,2026-02-24 00:00:00,084-xxx-3384,False
C00817,ปิยะ,ชาย,ต่ำกว่า 18,B05,2026-03-04 00:00:00,088-xxx-1930,False
C00818,เกศ,ชาย,25-34,B01,2026-09-14 00:00:00,083-xxx-1971,False
C00819,นภัส,หญิง,35-44,B02,2026-02-19 00:00:00,087-xxx-6457,False
C00820,ภูมิ,ชาย,18-24,B02,2026-03-11 00:00:00,081-xxx-9916,False
C00821,อรุณ,หญิง,18-24,B01,2026-03-15 00:00:00,087-xxx-4168,False
C00822,วีระ,ชาย,25-34,B02,2025-06-20 00:00:00,087-xxx-8776,False
C00823,ณัฐ,หญิง,25-34,B04,2025-06-29 00:00:00,086-xxx-1069,False
C00824,ธีร,ชาย,18-24,B02,2026-03-08 00:00:00,089-xxx-1372,True
C00825,พิม,หญิง,18-24,B02,2025-04-03 00:00:00,086-xxx-5796,False
C00826,เกศ,ชาย,25-34,B05,2025-06-29 00:00:00,084-xxx-2524,False
C00827,เกศ,หญิง,25-34,B02,2025-08-06 00:00:00,084-xxx-6169,False
C00828,รัตนา,ชาย,35-44,B01,2025-11-16 00:00:00,087-xxx-3825,False
C00829,สมชาย,ชาย,18-24,B03,2026-07-19 00:00:00,085-xxx-6401,False
C00830,ปิยะ,หญิง,25-34,B05,2025-11-20 00:00:00,082-xxx-1664,False
C00831,สมชาย,ชาย,35-44,B03,2026-07-21 00:00:00,083-xxx-1618,False
C00832,อัญชลี,หญิง,25-34,B01,2025-07-03 00:00:00,083-xxx-1360,False
C00833,ภูมิ,หญิง,35-44,B04,2025-04-10 00:00:00,083-xxx-7933,False
C00834,มานพ,หญิง,18-24,B03,2026-07-26 00:00:00,084-xxx-5560,False
C00835,ภัทร,หญิง,35-44,B01,2025-12-07 00:00:00,085-xxx-7788,False
C00836,พิม,หญิง,18-24,B04,2025-06-11 00:00:00,083-xxx-9561,False
C00837,ปิยะ,ชาย,25-34,B04,2026-04-25 00:00:00,082-xxx-7951,False
C00838,ปิยะ,หญิง,25-34,B05,2026-05-05 00:00:00,087-xxx-6043,False
C00839,ภัทร,ชาย,18-24,B02,2026-04-18 00:00:00,085-xxx-4493,False
C00840,กิตติ,ชาย,18-24,B05,2026-01-03 00:00:00,088-xxx-8466,False
C00841,มานพ,ชาย,18-24,B03,2026-07-04 00:00:00,085-xxx-7572,False
C00842,กิตติ,หญิง,18-24,B04,2026-04-15 00:00:00,085-xxx-9289,False
C00843,สมชาย,หญิง,35-44,B05,2026-01-05 00:00:00,085-xxx-2724,False
C00844,กิตติ,หญิง,18-24,B05,2025-12-13 00:00:00,088-xxx-8707,False
C00845,สุดา,ชาย,25-34,B04,2026-05-15 00:00:00,085-xxx-9166,False
C00846,ปวีณ,ชาย,45-54,B05,2025-06-18 00:00:00,086-xxx-7021,False
C00847,พิม,หญิง,18-24,B01,2025-10-21 00:00:00,087-xxx-1788,True
C00848,อัญชลี,หญิง,25-34,B02,2026-02-22 00:00:00,082-xxx-7593,False
C00849,ปวีณ,ชาย,25-34,B03,2026-07-30 00:00:00,088-xxx-3884,False
C00850,ชนา,หญิง,ต่ำกว่า 18,B04,2026-02-09 00:00:00,089-xxx-4765,False
C00851,ปิยะ,ชาย,25-34,B02,2025-08-22 00:00:00,086-xxx-8308,False
C00852,ปิยะ,ไม่ระบุ,18-24,B05,2025-10-18 00:00:00,085-xxx-2538,False
C00853,นภัส,หญิง,55+,B01,2025-05-04 00:00:00,089-xxx-5283,False
C00854,รัตนา,หญิง,55+,B04,2025-08-03 00:00:00,081-xxx-9625,False
C00855,กมล,หญิง,25-34,B01,2025-09-06 00:00:00,086-xxx-7827,False
C00856,ภัทร,ชาย,25-34,B03,2026-01-17 00:00:00,082-xxx-3312,False
C00857,อรุณ,ชาย,35-44,B05,2025-07-11 00:00:00,081-xxx-6493,False
C00858,ธนา,ชาย,25-34,B02,2025-05-07 00:00:00,086-xxx-1905,False
C00859,จิรา,หญิง,55+,B03,2026-05-29 00:00:00,081-xxx-1145,False
C00860,วรรณ,หญิง,45-54,B05,2025-11-04 00:00:00,087-xxx-1569,False
C00861,อรุณ,ชาย,45-54,B04,2026-04-17 00:00:00,087-xxx-4535,False
C00862,ธีร,ชาย,25-34,B01,2026-07-21 00:00:00,084-xxx-3267,True
C00863,ปิยะ,หญิง,25-34,B02,2026-05-23 00:00:00,087-xxx-6431,False
C00864,ปิยะ,ชาย,18-24,B05,2026-02-21 00:00:00,081-xxx-8739,False
C00865,ศิริ,ชาย,45-54,B01,2025-11-08 00:00:00,082-xxx-6865,False
C00866,ปิยะ,หญิง,25-34,B01,2025-04-27 00:00:00,083-xxx-5673,False
C00867,อรุณ,ชาย,35-44,B05,2025-04-02 00:00:00,089-xxx-9793,False
C00868,ชนา,หญิง,18-24,B05,2026-01-10 00:00:00,085-xxx-2119,False
C00869,ทิพย์,หญิง,45-54,B02,2025-10-20 00:00:00,089-xxx-6404,False
C00870,มานพ,หญิง,25-34,B01,2026-09-09 00:00:00,081-xxx-7051,False
C00871,ศิริ,ชาย,25-34,B01,2026-08-21 00:00:00,087-xxx-9675,False
C00872,อัญชลี,ชาย,25-34,B04,2026-02-23 00:00:00,087-xxx-7747,False
C00873,สมชาย,ชาย,ต่ำกว่า 18,B02,2026-08-08 00:00:00,085-xxx-5314,False
C00874,กิตติ,หญิง,25-34,B01,2025-08-30 00:00:00,086-xxx-3754,False
C00875,สุดา,ชาย,25-34,B01,2026-03-08 00:00:00,087-xxx-6954,False
C00876,รัตนา,หญิง,25-34,B02,2025-06-12 00:00:00,082-xxx-3971,False
C00877,นภัส,หญิง,35-44,B05,2025-09-25 00:00:00,087-xxx-7115,False
C00878,อัญชลี,ชาย,25-34,B05,2026-03-21 00:00:00,081-xxx-3996,False
C00879,ภัทร,หญิง,18-24,B03,2026-01-04 00:00:00,084-xxx-4991,False
C00880,เกศ,หญิง,25-34,B04,2025-06-02 00:00:00,088-xxx-8500,False
C00881,อัญชลี,หญิง,25-34,B05,2026-06-11 00:00:00,086-xxx-4684,False
C00882,อรุณ,ชาย,18-24,B03,2025-12-09 00:00:00,083-xxx-2409,False
C00883,ศิริ,ชาย,35-44,B02,2025-10-04 00:00:00,082-xxx-4995,False
C00884,ภัทร,ชาย,45-54,B01,2025-09-07 00:00:00,081-xxx-6451,True
C00885,อัญชลี,หญิง,35-44,B01,2026-03-23 00:00:00,083-xxx-2699,False
C00886,ทิพย์,หญิง,35-44,B01,2025-08-29 00:00:00,085-xxx-4070,False
C00887,ศิริ,หญิง,25-34,B03,2026-04-26 00:00:00,085-xxx-5150,False
C00888,เกศ,หญิง,45-54,B04,2026-08-26 00:00:00,089-xxx-1570,False
C00889,ศิริ,ชาย,55+,B03,2026-04-10 00:00:00,084-xxx-7978,False
C00890,ศิริ,หญิง,25-34,B04,2026-03-20 00:00:00,086-xxx-2110,False
C00891,สมชาย,หญิง,35-44,B05,2025-10-20 00:00:00,088-xxx-3993,False
C00892,วีระ,ชาย,18-24,B04,2025-10-12 00:00:00,086-xxx-8545,False
C00893,ณัฐ,หญิง,35-44,B05,2025-08-18 00:00:00,085-xxx-2256,False
C00894,สมชาย,ชาย,35-44,B03,2026-08-26 00:00:00,083-xxx-4789,False
C00895,ณัฐ,ชาย,35-44,B03,2026-06-17 00:00:00,086-xxx-1081,False
C00896,ชนา,ชาย,55+,B01,2026-06-23 00:00:00,083-xxx-8971,False
C00897,ภูมิ,ไม่ระบุ,45-54,B04,2026-03-13 00:00:00,085-xxx-9093,False
C00898,ปวีณ,ชาย,18-24,B05,2026-08-31 00:00:00,089-xxx-7581,False
C00899,ศิริ,ชาย,25-34,B01,2025-09-06 00:00:00,086-xxx-2301,False
C00900,ชนา,ชาย,25-34,B01,2026-05-04 00:00:00,086-xxx-8185,False
C00901,อัญชลี,ชาย,18-24,B03,2026-08-17 00:00:00,086-xxx-3438,False
C00902,ทิพย์,ชาย,45-54,B05,2025-05-26 00:00:00,089-xxx-9949,False
C00903,สุดา,หญิง,55+,B05,2026-02-16 00:00:00,086-xxx-5336,False
C00904,ศิริ,หญิง,18-24,B05,2026-01-16 00:00:00,083-xxx-4121,False
C00905,จิรา,หญิง,18-24,B01,2026-07-13 00:00:00,088-xxx-9470,False
C00906,ปวีณ,ชาย,55+,B02,2025-10-30 00:00:00,084-xxx-8359,False
C00907,ปวีณ,หญิง,25-34,B01,2025-08-19 00:00:00,084-xxx-2204,False
C00908,ทิพย์,ชาย,18-24,B05,2026-05-09 00:00:00,083-xxx-1064,False
C00909,ณัฐ,หญิง,18-24,B03,2026-06-18 00:00:00,084-xxx-5989,False
C00910,ปวีณ,ไม่ระบุ,45-54,B01,2025-04-09 00:00:00,082-xxx-5235,False
C00911,สมชาย,หญิง,18-24,B05,2025-10-18 00:00:00,085-xxx-1102,False
C00912,ศิริ,หญิง,35-44,B03,2026-06-20 00:00:00,088-xxx-1102,False
C00913,ธีร,ชาย,18-24,B05,2026-06-20 00:00:00,088-xxx-3135,False
C00914,รัตนา,หญิง,18-24,B04,2026-07-18 00:00:00,089-xxx-8284,False
C00915,ภัทร,หญิง,35-44,B01,2025-06-15 00:00:00,082-xxx-5997,False
C00916,มานพ,หญิง,35-44,B03,2026-08-18 00:00:00,086-xxx-2823,False
C00917,อัญชลี,หญิง,18-24,B02,2026-01-13 00:00:00,089-xxx-6192,True
C00918,ธนา,ชาย,18-24,B01,2025-09-30 00:00:00,089-xxx-7293,False
C00919,ภูมิ,ชาย,18-24,B01,2026-02-26 00:00:00,085-xxx-7642,False
C00920,วรรณ,ชาย,25-34,B04,2025-07-29 00:00:00,082-xxx-1219,False
C00921,ปิยะ,หญิง,25-34,B05,2026-07-10 00:00:00,082-xxx-2288,False
C00922,สุดา,หญิง,35-44,B05,2026-06-01 00:00:00,085-xxx-5466,False
C00923,อัญชลี,ชาย,18-24,B05,2025-08-22 00:00:00,083-xxx-5038,False
C00924,พิม,ชาย,25-34,B04,2026-05-20 00:00:00,084-xxx-8195,False
C00925,จิรา,ชาย,18-24,B01,2025-09-18 00:00:00,084-xxx-9948,False
C00926,สมชาย,ชาย,18-24,B03,2026-03-30 00:00:00,088-xxx-2375,False
C00927,เกศ,หญิง,ต่ำกว่า 18,B02,2026-07-20 00:00:00,081-xxx-6928,False
C00928,ธีร,หญิง,ต่ำกว่า 18,B04,2026-05-04 00:00:00,084-xxx-3478,False
C00929,ศิริ,ชาย,25-34,B03,2026-07-31 00:00:00,087-xxx-8956,False
C00930,กิตติ,หญิง,25-34,B01,2026-04-12 00:00:00,081-xxx-6670,False
C00931,ศิริ,หญิง,18-24,B03,2026-02-05 00:00:00,084-xxx-2964,False
C00932,ทิพย์,ชาย,55+,B01,2025-04-30 00:00:00,088-xxx-4075,False
C00933,ปิยะ,หญิง,45-54,B01,2026-06-23 00:00:00,086-xxx-7717,False
C00934,ณัฐ,ชาย,35-44,B02,2026-07-20 00:00:00,085-xxx-6077,False
C00935,มานพ,หญิง,18-24,B05,2025-11-18 00:00:00,084-xxx-8804,False
C00936,ธนา,ชาย,25-34,B01,2025-09-22 00:00:00,088-xxx-4400,False
C00937,ณัฐ,หญิง,25-34,B05,2025-05-19 00:00:00,082-xxx-1427,False
C00938,กมล,ชาย,ต่ำกว่า 18,B05,2025-04-13 00:00:00,084-xxx-7995,False
C00939,สุดา,หญิง,18-24,B05,2026-06-19 00:00:00,083-xxx-8158,False
C00940,วีระ,หญิง,18-24,B04,2026-04-16 00:00:00,088-xxx-7530,False
C00941,ทิพย์,ชาย,18-24,B03,2026-08-28 00:00:00,089-xxx-7430,False
C00942,ทิพย์,ไม่ระบุ,25-34,B05,2026-07-06 00:00:00,087-xxx-3941,False
C00943,ชนา,ชาย,45-54,B05,2025-08-04 00:00:00,085-xxx-1088,True
C00944,กิตติ,หญิง,25-34,B04,2026-04-27 00:00:00,086-xxx-2693,False
C00945,ธนา,หญิง,35-44,B01,2025-11-22 00:00:00,087-xxx-2846,False
C00946,ปวีณ,หญิง,35-44,B02,2026-09-07 00:00:00,086-xxx-6632,False
C00947,ปิยะ,หญิง,25-34,B05,2025-06-14 00:00:00,087-xxx-2722,False
C00948,อรุณ,หญิง,25-34,B02,2026-05-04 00:00:00,089-xxx-7858,False
C00949,พิม,ชาย,25-34,B01,2025-11-05 00:00:00,083-xxx-2953,False
C00950,ธีร,หญิง,35-44,B03,2026-03-06 00:00:00,087-xxx-4363,False
C00951,สมชาย,หญิง,18-24,B01,2026-08-14 00:00:00,083-xxx-6864,False
C00952,ธีร,หญิง,ต่ำกว่า 18,B02,2026-01-04 00:00:00,081-xxx-9204,False
C00953,อรุณ,หญิง,25-34,B01,2025-11-28 00:00:00,081-xxx-7604,False
C00954,ปวีณ,หญิง,55+,B03,2025-11-16 00:00:00,085-xxx-4298,False
C00955,วรรณ,หญิง,35-44,B02,2025-07-24 00:00:00,083-xxx-2016,False
C00956,วรรณ,หญิง,25-34,B03,2026-07-20 00:00:00,086-xxx-6379,False
C00957,สมชาย,ชาย,45-54,B04,2025-10-21 00:00:00,083-xxx-6131,False
C00958,มานพ,ไม่ระบุ,45-54,B01,2025-11-07 00:00:00,088-xxx-6701,False
C00959,อรุณ,หญิง,25-34,B02,2025-08-10 00:00:00,088-xxx-4932,False
C00960,สุดา,หญิง,25-34,B01,2025-11-14 00:00:00,089-xxx-4823,False
C00961,ปวีณ,ชาย,18-24,B05,2025-10-30 00:00:00,082-xxx-2934,False
C00962,อัญชลี,หญิง,35-44,B01,2026-03-10 00:00:00,085-xxx-8741,False
C00963,ธีร,หญิง,18-24,B05,2025-05-18 00:00:00,083-xxx-8398,False
C00964,เกศ,หญิง,18-24,B01,2025-10-16 00:00:00,081-xxx-1677,False
C00965,ธีร,ไม่ระบุ,25-34,B03,2026-05-29 00:00:00,088-xxx-6071,False
C00966,จิรา,ชาย,25-34,B04,2026-02-12 00:00:00,087-xxx-8107,False
C00967,สุดา,หญิง,55+,B01,2025-06-11 00:00:00,088-xxx-7038,False
C00968,ทิพย์,หญิง,18-24,B01,2026-07-07 00:00:00,083-xxx-6515,False
C00969,อรุณ,ชาย,25-34,B04,2025-09-08 00:00:00,084-xxx-8341,False
C00970,ภูมิ,หญิง,25-34,B01,2025-09-04 00:00:00,087-xxx-6771,False
C00971,รัตนา,หญิง,25-34,B01,2026-07-28 00:00:00,088-xxx-4430,False
C00972,เกศ,ชาย,25-34,B04,2026-02-14 00:00:00,083-xxx-5083,True
C00973,จิรา,ชาย,35-44,B01,2026-06-04 00:00:00,086-xxx-3850,False
C00974,อัญชลี,หญิง,55+,B02,2025-08-08 00:00:00,089-xxx-7779,False
C00975,ภัทร,หญิง,25-34,B01,2025-11-05 00:00:00,085-xxx-4128,False
C00976,มานพ,หญิง,25-34,B02,2026-02-20 00:00:00,084-xxx-1956,False
C00977,พิม,ไม่ระบุ,18-24,B05,2026-01-19 00:00:00,087-xxx-3518,False
C00978,อรุณ,หญิง,18-24,B02,2026-08-02 00:00:00,084-xxx-3957,False
C00979,เกศ,หญิง,35-44,B02,2026-05-24 00:00:00,082-xxx-1876,False
C00980,อรุณ,ชาย,25-34,B02,2025-10-27 00:00:00,084-xxx-6443,False
C00981,กมล,ชาย,25-34,B02,2025-09-02 00:00:00,087-xxx-6294,False
C00982,พิม,ชาย,35-44,B02,2025-04-14 00:00:00,088-xxx-1657,False
C00983,สุดา,หญิง,25-34,B05,2026-05-27 00:00:00,084-xxx-2029,False
C00984,ทิพย์,หญิง,25-34,B05,2025-07-30 00:00:00,082-xxx-8289,False
C00985,สมชาย,หญิง,25-34,B05,2025-08-17 00:00:00,086-xxx-5374,False
C00986,ภัทร,ชาย,18-24,B04,2026-01-11 00:00:00,086-xxx-2133,False
C00987,ทิพย์,หญิง,18-24,B01,2025-05-22 00:00:00,086-xxx-4704,False
C00988,ปวีณ,ชาย,45-54,B05,2025-10-08 00:00:00,083-xxx-8514,False
C00989,กมล,ชาย,25-34,B02,2026-04-03 00:00:00,088-xxx-1050,False
C00990,ปวีณ,ชาย,25-34,B05,2026-01-11 00:00:00,087-xxx-2363,False
C00991,อรุณ,หญิง,18-24,B01,2025-07-17 00:00:00,081-xxx-7476,False
C00992,รัตนา,ชาย,18-24,B05,2026-03-07 00:00:00,085-xxx-4622,False
C00993,ธีร,ชาย,25-34,B01,2025-10-10 00:00:00,084-xxx-8569,False
C00994,อรุณ,ชาย,35-44,B05,2025-06-14 00:00:00,084-xxx-2707,False
C00995,ธีร,หญิง,18-24,B05,2026-07-07 00:00:00,089-xxx-8110,False
C00996,ธนา,ชาย,35-44,B03,2026-01-18 00:00:00,083-xxx-3178,False
C00997,อัญชลี,ชาย,ต่ำกว่า 18,B04,2025-06-01 00:00:00,083-xxx-7127,False
C00998,ศิริ,หญิง,25-34,B01,2026-01-16 00:00:00,082-xxx-7312,False
C00999,รัตนา,หญิง,25-34,B02,2026-05-24 00:00:00,089-xxx-6516,False
C01000,รัตนา,หญิง,ต่ำกว่า 18,B02,2025-06-16 00:00:00,086-xxx-5097,False
C01001,ชนา,ชาย,45-54,B05,2026-03-09 00:00:00,085-xxx-2502,False
C01002,ภูมิ,หญิง,25-34,B04,2026-04-20 00:00:00,085-xxx-8057,False
C01003,เกศ,ชาย,55+,B01,2026-05-04 00:00:00,087-xxx-2227,False
C01004,สุดา,ชาย,ต่ำกว่า 18,B03,2026-04-14 00:00:00,081-xxx-7111,False
C01005,นภัส,ชาย,35-44,B01,2025-12-22 00:00:00,087-xxx-8936,False
C01006,ธนา,หญิง,55+,B05,2026-03-11 00:00:00,083-xxx-8303,False
C01007,มานพ,ไม่ระบุ,25-34,B02,2025-05-09 00:00:00,084-xxx-5403,False
C01008,ปิยะ,หญิง,25-34,B05,2025-06-24 00:00:00,084-xxx-9459,False
C01009,จิรา,ชาย,25-34,B03,2026-07-07 00:00:00,084-xxx-4586,False
C01010,ชนา,หญิง,18-24,B04,2026-08-12 00:00:00,088-xxx-6832,False
C01011,สุดา,ชาย,35-44,B05,2025-07-18 00:00:00,088-xxx-3960,False
C01012,มานพ,หญิง,35-44,B02,2026-09-02 00:00:00,089-xxx-6551,False
C01013,ศิริ,หญิง,45-54,B01,2025-07-25 00:00:00,088-xxx-9407,False
C01014,กมล,ชาย,35-44,B01,2026-03-15 00:00:00,084-xxx-7568,False
C01015,ศิริ,หญิง,18-24,B05,2025-11-19 00:00:00,086-xxx-6439,False
C01016,อัญชลี,หญิง,18-24,B01,2025-10-13 00:00:00,081-xxx-4099,False
C01017,วรรณ,ชาย,25-34,B01,2026-06-29 00:00:00,083-xxx-3341,False
C01018,สุดา,หญิง,35-44,B01,2026-04-17 00:00:00,085-xxx-9197,False
C01019,จิรา,ชาย,18-24,B05,2025-09-06 00:00:00,087-xxx-3220,False
C01020,นภัส,ชาย,35-44,B02,2025-09-23 00:00:00,086-xxx-4935,False
C01021,ภัทร,หญิง,25-34,B01,2026-04-14 00:00:00,082-xxx-1711,False
C01022,รัตนา,ชาย,25-34,B01,2026-03-16 00:00:00,086-xxx-3036,False
C01023,วีระ,หญิง,25-34,B05,2026-05-15 00:00:00,088-xxx-4657,False
C01024,ณัฐ,หญิง,45-54,B04,2025-11-11 00:00:00,084-xxx-6201,True
C01025,ทิพย์,หญิง,55+,B02,2025-11-08 00:00:00,086-xxx-5396,False
C01026,สมชาย,หญิง,18-24,B01,2026-03-07 00:00:00,084-xxx-8170,False
C01027,อัญชลี,ชาย,45-54,B01,2025-07-24 00:00:00,086-xxx-3462,False
C01028,กิตติ,หญิง,55+,B02,2026-07-25 00:00:00,086-xxx-9455,False
C01029,ชนา,ไม่ระบุ,18-24,B05,2025-12-27 00:00:00,082-xxx-6984,False
C01030,สมชาย,ชาย,18-24,B01,2025-08-15 00:00:00,084-xxx-1715,False
C01031,พิม,หญิง,18-24,B02,2026-02-05 00:00:00,084-xxx-5616,False
C01032,จิรา,ชาย,25-34,B03,2026-04-18 00:00:00,084-xxx-4294,False
C01033,จิรา,หญิง,25-34,B03,2026-02-26 00:00:00,087-xxx-6506,False
C01034,สุดา,ชาย,25-34,B02,2025-09-14 00:00:00,088-xxx-6210,False
C01035,อัญชลี,ชาย,18-24,B03,2026-04-16 00:00:00,087-xxx-8710,False
C01036,ปิยะ,ชาย,18-24,B05,2026-07-24 00:00:00,082-xxx-3205,False
C01037,ปิยะ,หญิง,ต่ำกว่า 18,B04,2025-04-03 00:00:00,088-xxx-5927,False
C01038,กมล,หญิง,35-44,B04,2026-08-19 00:00:00,084-xxx-4938,False
C01039,ชนา,ชาย,25-34,B05,2026-09-08 00:00:00,081-xxx-4932,False
C01040,ภูมิ,หญิง,18-24,B01,2025-09-21 00:00:00,084-xxx-2696,False
C01041,ณัฐ,ชาย,25-34,B01,2026-01-03 00:00:00,088-xxx-7262,False
C01042,พิม,ชาย,18-24,B01,2026-04-25 00:00:00,084-xxx-1581,False
C01043,วีระ,ชาย,35-44,B01,2025-11-02 00:00:00,085-xxx-8476,False
C01044,ณัฐ,ชาย,25-34,B04,2025-08-07 00:00:00,085-xxx-9295,False
C01045,พิม,ชาย,25-34,B05,2026-06-20 00:00:00,088-xxx-6494,False
C01046,ปิยะ,หญิง,25-34,B02,2025-12-24 00:00:00,088-xxx-3741,False
C01047,จิรา,ชาย,35-44,B05,2025-08-24 00:00:00,081-xxx-7745,False
C01048,วีระ,หญิง,45-54,B05,2026-03-20 00:00:00,087-xxx-6969,False
C01049,กมล,ชาย,25-34,B01,2025-07-05 00:00:00,085-xxx-1808,False
C01050,นภัส,ชาย,35-44,B01,2026-04-20 00:00:00,089-xxx-5410,False
C01051,รัตนา,หญิง,25-34,B01,2025-10-22 00:00:00,085-xxx-6202,False
C01052,วีระ,หญิง,18-24,B05,2026-08-12 00:00:00,084-xxx-7089,False
C01053,จิรา,ชาย,18-24,B02,2025-08-29 00:00:00,087-xxx-3239,False
C01054,ภัทร,ชาย,35-44,B02,2025-12-24 00:00:00,088-xxx-2913,False
C01055,มานพ,หญิง,45-54,B01,2026-04-24 00:00:00,086-xxx-4423,False
C01056,อัญชลี,หญิง,25-34,B02,2025-11-21 00:00:00,081-xxx-3399,False
C01057,ธนา,ชาย,25-34,B02,2025-10-23 00:00:00,085-xxx-9036,False
C01058,ศิริ,ชาย,25-34,B01,2026-03-12 00:00:00,085-xxx-2288,False
C01059,กิตติ,หญิง,18-24,B03,2026-06-06 00:00:00,087-xxx-3455,False
C01060,ศิริ,หญิง,45-54,B04,2025-11-16 00:00:00,084-xxx-1137,False
C01061,ธนา,ชาย,25-34,B05,2026-04-03 00:00:00,086-xxx-8801,False
C01062,กมล,ชาย,35-44,B01,2026-08-09 00:00:00,084-xxx-5948,False
C01063,นภัส,ชาย,25-34,B02,2025-11-25 00:00:00,085-xxx-1678,False
C01064,พิม,ชาย,25-34,B02,2026-06-03 00:00:00,081-xxx-4592,False
C01065,ปวีณ,ชาย,35-44,B05,2025-09-04 00:00:00,089-xxx-3453,False
C01066,อัญชลี,ชาย,55+,B01,2025-12-03 00:00:00,085-xxx-3945,False
C01067,ชนา,หญิง,35-44,B02,2026-05-29 00:00:00,083-xxx-3545,False
C01068,ธนา,หญิง,35-44,B03,2026-05-09 00:00:00,089-xxx-4386,False
C01069,ณัฐ,หญิง,35-44,B01,2025-06-14 00:00:00,085-xxx-2747,False
C01070,เกศ,ชาย,25-34,B05,2025-07-05 00:00:00,083-xxx-7821,False
C01071,พิม,หญิง,45-54,B02,2025-04-06 00:00:00,081-xxx-5860,False
C01072,ภัทร,ชาย,18-24,B03,2026-05-14 00:00:00,084-xxx-9961,False
C01073,ปิยะ,หญิง,25-34,B02,2025-04-05 00:00:00,081-xxx-2339,False
C01074,กมล,ชาย,45-54,B01,2026-08-07 00:00:00,085-xxx-1115,False
C01075,เกศ,หญิง,18-24,B04,2026-08-30 00:00:00,086-xxx-7207,False
C01076,กิตติ,หญิง,18-24,B04,2026-05-16 00:00:00,084-xxx-1100,False
C01077,ทิพย์,หญิง,25-34,B05,2025-05-30 00:00:00,086-xxx-3881,False
C01078,ศิริ,หญิง,45-54,B02,2026-01-29 00:00:00,087-xxx-3184,False
C01079,ภูมิ,หญิง,25-34,B04,2026-07-16 00:00:00,089-xxx-4119,False
C01080,มานพ,หญิง,25-34,B04,2026-08-15 00:00:00,088-xxx-8605,False
C01081,วรรณ,ไม่ระบุ,18-24,B04,2025-09-07 00:00:00,085-xxx-4306,False
C01082,กิตติ,หญิง,55+,B05,2026-02-27 00:00:00,085-xxx-2795,False
C01083,ทิพย์,หญิง,35-44,B01,2025-09-22 00:00:00,083-xxx-3582,False
C01084,จิรา,หญิง,25-34,B04,2026-06-01 00:00:00,087-xxx-2812,False
C01085,ทิพย์,หญิง,35-44,B01,2026-01-12 00:00:00,088-xxx-1299,False
C01086,วรรณ,ชาย,25-34,B03,2026-08-22 00:00:00,088-xxx-3511,False
C01087,นภัส,หญิง,35-44,B01,2025-12-25 00:00:00,083-xxx-1831,False
C01088,วรรณ,หญิง,25-34,B02,2025-07-21 00:00:00,088-xxx-8097,False
C01089,ปิยะ,หญิง,45-54,B03,2026-04-06 00:00:00,082-xxx-7394,False
C01090,กิตติ,ชาย,18-24,B02,2026-05-07 00:00:00,082-xxx-5261,False
C01091,ธีร,ชาย,18-24,B01,2025-04-29 00:00:00,086-xxx-5373,False
C01092,ณัฐ,หญิง,45-54,B02,2026-02-16 00:00:00,088-xxx-3898,False
C01093,มานพ,หญิง,25-34,B05,2026-02-18 00:00:00,082-xxx-5095,False
C01094,วรรณ,หญิง,18-24,B01,2026-07-21 00:00:00,085-xxx-9358,False
C01095,ภัทร,หญิง,18-24,B04,2025-11-13 00:00:00,088-xxx-1789,False
C01096,ปวีณ,หญิง,35-44,B02,2026-07-12 00:00:00,086-xxx-3519,False
C01097,จิรา,ชาย,45-54,B01,2026-04-06 00:00:00,087-xxx-2049,False
C01098,อรุณ,หญิง,35-44,B03,2026-08-12 00:00:00,089-xxx-2347,False
C01099,กมล,ชาย,35-44,B01,2025-10-27 00:00:00,082-xxx-1334,False
C01100,วีระ,หญิง,45-54,B05,2025-04-02 00:00:00,088-xxx-2729,False
C01101,มานพ,หญิง,ต่ำกว่า 18,B01,2025-04-15 00:00:00,089-xxx-9463,False
C01102,วีระ,ชาย,25-34,B03,2025-12-23 00:00:00,088-xxx-6031,False
C01103,นภัส,หญิง,35-44,B02,2026-05-22 00:00:00,089-xxx-6416,False
C01104,มานพ,ชาย,45-54,B04,2026-05-09 00:00:00,082-xxx-4528,False
C01105,ปิยะ,ชาย,35-44,B01,2026-08-02 00:00:00,082-xxx-8466,False
C01106,ธนา,ชาย,25-34,B05,2025-05-16 00:00:00,081-xxx-9603,False
C01107,มานพ,หญิง,35-44,B01,2026-07-05 00:00:00,086-xxx-9658,False
C01108,อรุณ,หญิง,35-44,B04,2026-06-14 00:00:00,082-xxx-3076,False
C01109,นภัส,ชาย,18-24,B02,2026-07-02 00:00:00,085-xxx-9038,False
C01110,เกศ,หญิง,18-24,B03,2025-11-06 00:00:00,085-xxx-2012,False
C01111,ณัฐ,ชาย,25-34,B05,2026-06-22 00:00:00,088-xxx-6032,False
C01112,ปิยะ,ชาย,45-54,B01,2025-12-14 00:00:00,089-xxx-9849,False
C01113,จิรา,หญิง,25-34,B01,2026-07-04 00:00:00,082-xxx-2920,False
C01114,ศิริ,ชาย,25-34,B05,2026-06-04 00:00:00,081-xxx-1206,False
C01115,ภูมิ,ชาย,25-34,B01,2026-07-04 00:00:00,084-xxx-1800,True
C01116,วรรณ,หญิง,35-44,B04,2026-07-11 00:00:00,086-xxx-6274,True
C01117,ปิยะ,หญิง,18-24,B03,2026-01-13 00:00:00,088-xxx-8616,False
C01118,กิตติ,หญิง,18-24,B04,2025-10-28 00:00:00,085-xxx-9132,False
C01119,ชนา,หญิง,45-54,B01,2026-07-25 00:00:00,082-xxx-2386,False
C01120,ธีร,ชาย,18-24,B05,2026-09-07 00:00:00,089-xxx-6354,False
C01121,เกศ,ชาย,55+,B05,2025-12-07 00:00:00,081-xxx-8731,False
C01122,วีระ,หญิง,18-24,B02,2026-02-14 00:00:00,081-xxx-4267,False
C01123,ธนา,ชาย,18-24,B01,2025-11-17 00:00:00,084-xxx-5089,False
C01124,สุดา,หญิง,25-34,B01,2026-08-09 00:00:00,084-xxx-4348,False
C01125,ภัทร,หญิง,18-24,B01,2025-11-18 00:00:00,081-xxx-1348,False
C01126,ปิยะ,หญิง,35-44,B01,2025-10-16 00:00:00,084-xxx-2828,False
C01127,ปวีณ,หญิง,35-44,B05,2025-09-15 00:00:00,087-xxx-5677,False
C01128,ปิยะ,ชาย,18-24,B04,2025-10-30 00:00:00,081-xxx-9198,False
C01129,กมล,ชาย,18-24,B03,2026-08-10 00:00:00,089-xxx-3014,False
C01130,วีระ,หญิง,35-44,B02,2025-09-07 00:00:00,085-xxx-5566,False
C01131,สุดา,ชาย,45-54,B01,2026-08-21 00:00:00,082-xxx-7355,False
C01132,อรุณ,ชาย,25-34,B04,2026-04-03 00:00:00,084-xxx-3213,False
C01133,วีระ,ชาย,35-44,B02,2025-12-18 00:00:00,086-xxx-7009,False
C01134,พิม,ชาย,25-34,B02,2025-05-18 00:00:00,085-xxx-3808,False
C01135,อัญชลี,ไม่ระบุ,18-24,B02,2026-04-10 00:00:00,081-xxx-7457,False
C01136,ปวีณ,หญิง,ต่ำกว่า 18,B04,2025-11-10 00:00:00,083-xxx-2114,False
C01137,จิรา,ชาย,35-44,B02,2025-10-03 00:00:00,087-xxx-7109,False
C01138,นภัส,ชาย,45-54,B02,2026-06-23 00:00:00,089-xxx-2544,False
C01139,กมล,หญิง,25-34,B02,2025-10-01 00:00:00,082-xxx-8596,False
C01140,กมล,หญิง,25-34,B01,2025-08-28 00:00:00,085-xxx-7318,False
C01141,ธีร,หญิง,25-34,B05,2025-12-31 00:00:00,081-xxx-7445,False
C01142,นภัส,ชาย,18-24,B04,2025-11-06 00:00:00,088-xxx-3396,False
C01143,ธนา,ชาย,25-34,B05,2026-01-08 00:00:00,087-xxx-9881,False
C01144,วรรณ,หญิง,25-34,B01,2025-11-03 00:00:00,084-xxx-1229,False
C01145,อรุณ,ชาย,18-24,B03,2025-11-24 00:00:00,083-xxx-1227,False
C01146,ณัฐ,ชาย,25-34,B01,2025-06-03 00:00:00,082-xxx-4689,False
C01147,ชนา,หญิง,25-34,B01,2026-05-25 00:00:00,084-xxx-2494,False
C01148,ปวีณ,หญิง,ต่ำกว่า 18,B01,2025-08-06 00:00:00,084-xxx-1848,False
C01149,ปิยะ,หญิง,55+,B02,2025-06-18 00:00:00,088-xxx-2128,False
C01150,ชนา,ชาย,25-34,B05,2026-09-03 00:00:00,085-xxx-3266,False
C01151,สุดา,หญิง,25-34,B04,2025-05-25 00:00:00,088-xxx-1819,False
C01152,พิม,ชาย,25-34,B02,2025-10-11 00:00:00,083-xxx-7583,True
C01153,ชนา,ชาย,18-24,B03,2026-05-01 00:00:00,086-xxx-7053,False
C01154,ปวีณ,ไม่ระบุ,25-34,B05,2025-07-01 00:00:00,082-xxx-7591,False
C01155,ณัฐ,ชาย,25-34,B01,2026-06-12 00:00:00,085-xxx-3877,False
C01156,อรุณ,หญิง,25-34,B02,2025-06-30 00:00:00,089-xxx-8367,False
C01157,ทิพย์,หญิง,25-34,B05,2026-05-27 00:00:00,086-xxx-9750,False
C01158,รัตนา,ชาย,25-34,B02,2026-03-04 00:00:00,089-xxx-2372,False
C01159,ทิพย์,หญิง,25-34,B02,2025-09-08 00:00:00,088-xxx-5230,False
C01160,อัญชลี,หญิง,45-54,B01,2025-11-13 00:00:00,086-xxx-8550,False
C01161,กมล,หญิง,25-34,B03,2026-01-16 00:00:00,081-xxx-5586,False
C01162,จิรา,หญิง,35-44,B04,2025-04-18 00:00:00,086-xxx-5255,False
C01163,อัญชลี,หญิง,25-34,B01,2025-04-08 00:00:00,087-xxx-1476,True
C01164,สมชาย,หญิง,25-34,B01,2026-03-24 00:00:00,081-xxx-9683,False
C01165,ณัฐ,หญิง,35-44,B05,2026-04-16 00:00:00,083-xxx-8123,False
C01166,สุดา,ชาย,25-34,B04,2026-02-27 00:00:00,082-xxx-8531,False
C01167,ทิพย์,หญิง,45-54,B01,2026-08-05 00:00:00,087-xxx-7685,True
C01168,จิรา,ชาย,35-44,B05,2026-08-04 00:00:00,083-xxx-4290,False
C01169,ปิยะ,หญิง,45-54,B02,2026-04-09 00:00:00,086-xxx-1647,False
C01170,รัตนา,ชาย,35-44,B02,2025-09-22 00:00:00,084-xxx-7358,False
C01171,ณัฐ,หญิง,35-44,B04,2025-04-07 00:00:00,082-xxx-9099,False
C01172,อรุณ,ชาย,25-34,B05,2026-03-31 00:00:00,081-xxx-1384,False
C01173,รัตนา,ชาย,35-44,B03,2026-04-29 00:00:00,088-xxx-3158,False
C01174,รัตนา,หญิง,45-54,B04,2025-04-26 00:00:00,083-xxx-6068,False
C01175,มานพ,ชาย,25-34,B03,2026-03-09 00:00:00,086-xxx-8655,False
C01176,ณัฐ,หญิง,18-24,B03,2026-04-25 00:00:00,086-xxx-9297,False
C01177,ภูมิ,ชาย,ต่ำกว่า 18,B05,2025-10-02 00:00:00,084-xxx-9636,False
C01178,พิม,หญิง,18-24,B01,2026-06-24 00:00:00,085-xxx-5898,False
C01179,ปวีณ,หญิง,25-34,B05,2025-07-18 00:00:00,081-xxx-1817,False
C01180,รัตนา,หญิง,18-24,B02,2025-06-08 00:00:00,089-xxx-5194,False
C01181,พิม,หญิง,18-24,B05,2025-10-31 00:00:00,082-xxx-1848,False
C01182,ชนา,ชาย,25-34,B05,2026-08-30 00:00:00,083-xxx-8811,False
C01183,อรุณ,หญิง,18-24,B04,2025-04-12 00:00:00,089-xxx-1015,False
C01184,ธนา,หญิง,25-34,B01,2025-12-26 00:00:00,087-xxx-3227,False
C01185,ภูมิ,ชาย,45-54,B05,2025-08-11 00:00:00,081-xxx-9671,False
C01186,ภัทร,หญิง,18-24,B03,2025-12-10 00:00:00,085-xxx-4981,False
C01187,รัตนา,ไม่ระบุ,ต่ำกว่า 18,B01,2026-01-25 00:00:00,081-xxx-6898,False
C01188,ณัฐ,ชาย,35-44,B01,2026-01-20 00:00:00,081-xxx-2195,False
C01189,มานพ,ชาย,ต่ำกว่า 18,B05,2025-11-18 00:00:00,088-xxx-6619,False
C01190,ชนา,หญิง,35-44,B05,2025-08-01 00:00:00,083-xxx-5549,True
C01191,พิม,หญิง,25-34,B01,2025-09-19 00:00:00,088-xxx-8914,False
C01192,ทิพย์,หญิง,18-24,B05,2026-04-05 00:00:00,083-xxx-2559,False
C01193,เกศ,ชาย,35-44,B01,2026-04-06 00:00:00,089-xxx-6355,False
C01194,อัญชลี,หญิง,35-44,B05,2025-08-05 00:00:00,087-xxx-8620,False
C01195,ปวีณ,หญิง,25-34,B02,2026-02-04 00:00:00,085-xxx-3654,False
C01196,อัญชลี,ชาย,55+,B05,2026-08-26 00:00:00,088-xxx-1122,False
C01197,รัตนา,หญิง,18-24,B01,2025-04-28 00:00:00,082-xxx-5654,False
C01198,ปิยะ,หญิง,35-44,B05,2026-05-18 00:00:00,082-xxx-2821,False
C01199,วีระ,หญิง,35-44,B04,2026-05-11 00:00:00,089-xxx-6758,False
C01200,อัญชลี,หญิง,18-24,B02,2026-07-01 00:00:00,088-xxx-4549,False
C01201,วรรณ,หญิง,35-44,B03,2026-02-12 00:00:00,086-xxx-9393,False
C01202,มานพ,หญิง,25-34,B05,2026-01-22 00:00:00,087-xxx-2778,False
C01203,ณัฐ,ไม่ระบุ,18-24,B02,2025-10-20 00:00:00,089-xxx-3765,False
C01204,อัญชลี,ชาย,45-54,B05,2026-08-01 00:00:00,083-xxx-5422,False
C01205,สุดา,หญิง,25-34,B04,2025-05-11 00:00:00,083-xxx-9822,False
C01206,วรรณ,ชาย,25-34,B01,2025-06-10 00:00:00,081-xxx-3636,False
C01207,อัญชลี,หญิง,35-44,B03,2025-12-23 00:00:00,084-xxx-4804,False
C01208,นภัส,ชาย,25-34,B04,2025-07-29 00:00:00,087-xxx-8881,False
C01209,จิรา,หญิง,35-44,B03,2025-11-27 00:00:00,088-xxx-6993,False
C01210,พิม,ชาย,45-54,B05,2025-08-26 00:00:00,089-xxx-6835,False
C01211,วรรณ,ชาย,45-54,B02,2025-11-14 00:00:00,089-xxx-1651,False
C01212,ณัฐ,ไม่ระบุ,18-24,B04,2026-04-02 00:00:00,083-xxx-7516,False
C01213,ธนา,หญิง,25-34,B05,2026-01-29 00:00:00,082-xxx-6358,True
C01214,ธีร,หญิง,25-34,B01,2025-07-30 00:00:00,089-xxx-3237,False
C01215,นภัส,หญิง,25-34,B01,2026-01-30 00:00:00,085-xxx-3565,False
C01216,อัญชลี,หญิง,18-24,B03,2026-03-07 00:00:00,087-xxx-3803,False
C01217,พิม,หญิง,18-24,B05,2026-08-09 00:00:00,081-xxx-3633,False
C01218,จิรา,หญิง,35-44,B01,2026-03-04 00:00:00,086-xxx-2451,False
C01219,สมชาย,ชาย,35-44,B05,2025-10-21 00:00:00,086-xxx-4831,False
C01220,ภัทร,หญิง,18-24,B04,2025-05-21 00:00:00,084-xxx-5956,False
C01221,ปวีณ,หญิง,35-44,B04,2026-01-15 00:00:00,082-xxx-7013,False
C01222,ปวีณ,ชาย,25-34,B05,2025-09-15 00:00:00,081-xxx-4280,False
C01223,วรรณ,ชาย,45-54,B05,2026-06-21 00:00:00,088-xxx-4004,False
C01224,ปวีณ,หญิง,25-34,B01,2026-02-05 00:00:00,083-xxx-9623,False
C01225,อัญชลี,หญิง,18-24,B05,2026-03-26 00:00:00,087-xxx-8720,False
C01226,อรุณ,ชาย,ต่ำกว่า 18,B04,2026-04-01 00:00:00,083-xxx-8877,False
C01227,ปิยะ,ชาย,18-24,B05,2026-03-21 00:00:00,085-xxx-2905,False
C01228,กิตติ,หญิง,ต่ำกว่า 18,B01,2025-06-11 00:00:00,082-xxx-4133,False
C01229,นภัส,ชาย,25-34,B05,2025-08-22 00:00:00,082-xxx-4352,False
C01230,ชนา,หญิง,18-24,B01,2026-04-02 00:00:00,083-xxx-4411,False
C01231,รัตนา,ชาย,25-34,B01,2025-08-18 00:00:00,083-xxx-1814,False
C01232,รัตนา,ชาย,18-24,B05,2025-12-15 00:00:00,082-xxx-5348,False
C01233,ปวีณ,หญิง,25-34,B01,2025-08-22 00:00:00,087-xxx-6253,False
C01234,จิรา,ชาย,35-44,B03,2026-07-10 00:00:00,088-xxx-5830,False
C01235,พิม,หญิง,25-34,B05,2025-06-17 00:00:00,088-xxx-5938,False
C01236,ธนา,หญิง,18-24,B02,2026-03-06 00:00:00,087-xxx-1788,True
C01237,สุดา,หญิง,35-44,B02,2025-12-24 00:00:00,088-xxx-6922,False
C01238,พิม,หญิง,35-44,B02,2026-04-25 00:00:00,086-xxx-3320,False
C01239,เกศ,หญิง,25-34,B03,2026-08-26 00:00:00,083-xxx-8844,True
C01240,ศิริ,ชาย,35-44,B04,2025-05-05 00:00:00,084-xxx-4005,False
C01241,วีระ,ชาย,55+,B01,2026-08-11 00:00:00,085-xxx-6101,False
C01242,ปิยะ,ชาย,35-44,B02,2026-03-09 00:00:00,088-xxx-4031,False
C01243,วรรณ,ชาย,35-44,B02,2026-07-25 00:00:00,084-xxx-7432,False
C01244,มานพ,หญิง,55+,B05,2025-07-09 00:00:00,082-xxx-3367,False
C01245,ทิพย์,ชาย,25-34,B05,2026-08-28 00:00:00,082-xxx-9021,False
C01246,ศิริ,ชาย,55+,B05,2026-05-10 00:00:00,082-xxx-2537,False
C01247,สมชาย,หญิง,18-24,B02,2026-08-18 00:00:00,089-xxx-6851,False
C01248,กิตติ,หญิง,25-34,B05,2025-05-28 00:00:00,086-xxx-8815,False
C01249,ปวีณ,หญิง,25-34,B02,2026-07-20 00:00:00,085-xxx-6362,False
C01250,มานพ,ชาย,25-34,B05,2026-03-30 00:00:00,084-xxx-9957,False
C01251,อัญชลี,ชาย,ต่ำกว่า 18,B02,2025-07-12 00:00:00,087-xxx-8809,False
C01252,กมล,หญิง,55+,B03,2026-09-10 00:00:00,089-xxx-9213,False
C01253,ศิริ,ชาย,18-24,B01,2025-12-09 00:00:00,081-xxx-7267,False
C01254,ธนา,ชาย,18-24,B01,2025-06-03 00:00:00,088-xxx-3777,False
C01255,นภัส,หญิง,35-44,B04,2025-05-01 00:00:00,083-xxx-2065,True
C01256,พิม,ชาย,45-54,B03,2025-11-06 00:00:00,084-xxx-5706,False
C01257,ทิพย์,หญิง,25-34,B02,2026-05-03 00:00:00,082-xxx-6457,False
C01258,มานพ,หญิง,25-34,B04,2026-04-26 00:00:00,081-xxx-2100,False
C01259,รัตนา,หญิง,35-44,B05,2026-09-04 00:00:00,082-xxx-9148,False
C01260,ธีร,หญิง,45-54,B04,2025-06-23 00:00:00,082-xxx-7618,False
C01261,สมชาย,ไม่ระบุ,18-24,B01,2025-04-09 00:00:00,087-xxx-4640,False
C01262,วีระ,ชาย,35-44,B03,2026-02-20 00:00:00,088-xxx-3372,False
C01263,กิตติ,หญิง,25-34,B02,2025-07-20 00:00:00,081-xxx-6791,False
C01264,ปิยะ,หญิง,45-54,B05,2025-09-09 00:00:00,086-xxx-6926,False
C01265,สุดา,หญิง,25-34,B01,2025-06-25 00:00:00,083-xxx-8917,False
C01266,พิม,หญิง,18-24,B03,2025-11-01 00:00:00,083-xxx-2637,False
C01267,เกศ,ชาย,55+,B03,2026-02-04 00:00:00,083-xxx-8746,False
C01268,สมชาย,หญิง,55+,B03,2026-07-21 00:00:00,089-xxx-9184,False
C01269,วีระ,ชาย,18-24,B04,2025-05-21 00:00:00,084-xxx-7819,False
C01270,ธนา,หญิง,18-24,B01,2026-06-09 00:00:00,088-xxx-4678,False
C01271,รัตนา,ชาย,18-24,B04,2026-05-11 00:00:00,089-xxx-7739,False
C01272,ชนา,หญิง,25-34,B02,2026-03-10 00:00:00,082-xxx-5926,False
C01273,วรรณ,หญิง,18-24,B05,2025-10-28 00:00:00,088-xxx-8250,False
C01274,กมล,หญิง,45-54,B04,2025-08-24 00:00:00,087-xxx-5320,False
C01275,นภัส,ชาย,25-34,B05,2025-08-01 00:00:00,083-xxx-3068,False
C01276,วรรณ,ชาย,35-44,B02,2026-07-07 00:00:00,085-xxx-9855,False
C01277,ภูมิ,หญิง,25-34,B01,2026-04-12 00:00:00,081-xxx-1561,False
C01278,ภัทร,หญิง,55+,B04,2025-11-09 00:00:00,084-xxx-1750,False
C01279,สมชาย,หญิง,45-54,B01,2026-05-08 00:00:00,086-xxx-9022,False
C01280,วีระ,ชาย,35-44,B02,2025-10-31 00:00:00,088-xxx-5303,False
C01281,สมชาย,ชาย,ต่ำกว่า 18,B05,2025-08-31 00:00:00,081-xxx-9480,False
C01282,วีระ,ชาย,25-34,B01,2026-06-05 00:00:00,082-xxx-2244,False
C01283,ปวีณ,ชาย,35-44,B03,2026-08-22 00:00:00,083-xxx-4967,False
C01284,ภูมิ,หญิง,25-34,B01,2025-09-07 00:00:00,086-xxx-4063,False
C01285,เกศ,ชาย,18-24,B03,2026-02-20 00:00:00,083-xxx-2609,False
C01286,อัญชลี,หญิง,18-24,B01,2025-12-11 00:00:00,088-xxx-9907,False
C01287,ธนา,ชาย,35-44,B05,2026-07-25 00:00:00,083-xxx-2300,False
C01288,ธนา,หญิง,ต่ำกว่า 18,B04,2026-08-15 00:00:00,087-xxx-5383,False
C01289,กิตติ,ชาย,25-34,B03,2026-04-26 00:00:00,088-xxx-7305,False
C01290,เกศ,หญิง,25-34,B04,2025-07-13 00:00:00,089-xxx-1786,False
C01291,ปวีณ,หญิง,18-24,B05,2025-10-23 00:00:00,082-xxx-9977,False
C01292,ทิพย์,หญิง,35-44,B01,2025-04-01 00:00:00,082-xxx-4265,False
C01293,จิรา,หญิง,35-44,B03,2026-03-27 00:00:00,083-xxx-6759,False
C01294,วีระ,หญิง,45-54,B01,2026-06-05 00:00:00,089-xxx-6890,False
C01295,กมล,ชาย,35-44,B01,2025-12-03 00:00:00,082-xxx-1801,False
C01296,วรรณ,ชาย,45-54,B04,2025-05-23 00:00:00,081-xxx-5322,False
C01297,สมชาย,หญิง,35-44,B01,2025-04-21 00:00:00,081-xxx-7601,False
C01298,มานพ,ชาย,18-24,B01,2025-07-05 00:00:00,089-xxx-8183,False
C01299,ปวีณ,ชาย,25-34,B05,2025-06-28 00:00:00,089-xxx-2403,False
C01300,ภัทร,ชาย,35-44,B02,2025-09-02 00:00:00,083-xxx-7782,False
C01301,ปิยะ,ชาย,35-44,B02,2026-06-04 00:00:00,081-xxx-3763,False
C01302,สมชาย,ชาย,18-24,B05,2025-05-04 00:00:00,085-xxx-9877,False
C01303,มานพ,ชาย,35-44,B05,2026-09-11 00:00:00,085-xxx-9066,False
C01304,กมล,ชาย,55+,B01,2026-01-20 00:00:00,081-xxx-2287,False
C01305,พิม,ไม่ระบุ,25-34,B04,2026-07-12 00:00:00,082-xxx-7892,False
C01306,ศิริ,ชาย,35-44,B03,2026-08-05 00:00:00,083-xxx-6082,False
C01307,ธนา,หญิง,18-24,B05,2025-09-04 00:00:00,088-xxx-7647,True
C01308,ภัทร,หญิง,18-24,B05,2025-08-08 00:00:00,081-xxx-8696,False
C01309,ปิยะ,ชาย,35-44,B03,2026-05-18 00:00:00,081-xxx-2351,False
C01310,ภูมิ,หญิง,18-24,B05,2025-11-28 00:00:00,086-xxx-3177,False
C01311,ศิริ,ชาย,25-34,B02,2025-07-14 00:00:00,082-xxx-5421,False
C01312,ธีร,ไม่ระบุ,18-24,B02,2026-09-09 00:00:00,087-xxx-5613,False
C01313,ชนา,ชาย,25-34,B02,2025-04-19 00:00:00,081-xxx-9088,False
C01314,ธนา,หญิง,25-34,B01,2026-09-03 00:00:00,088-xxx-9545,False
C01315,จิรา,ชาย,25-34,B03,2026-01-26 00:00:00,081-xxx-8778,False
C01316,ภัทร,ชาย,25-34,B04,2025-05-26 00:00:00,088-xxx-4229,True
C01317,ภูมิ,หญิง,25-34,B01,2025-11-06 00:00:00,089-xxx-3325,False
C01318,ศิริ,ชาย,18-24,B05,2026-04-17 00:00:00,083-xxx-5629,False
C01319,นภัส,ชาย,45-54,B01,2025-07-27 00:00:00,088-xxx-4129,False
C01320,รัตนา,ชาย,25-34,B01,2026-07-22 00:00:00,082-xxx-9857,False
C01321,รัตนา,หญิง,18-24,B01,2025-09-11 00:00:00,084-xxx-8412,False
C01322,ธนา,ชาย,25-34,B05,2026-02-19 00:00:00,084-xxx-1800,True
C01323,จิรา,หญิง,35-44,B04,2026-01-11 00:00:00,087-xxx-7590,False
C01324,วีระ,ชาย,25-34,B01,2026-08-07 00:00:00,088-xxx-8025,False
C01325,กมล,ชาย,35-44,B03,2026-05-06 00:00:00,083-xxx-7242,False
C01326,กมล,หญิง,18-24,B03,2026-09-08 00:00:00,084-xxx-4633,False
C01327,วรรณ,หญิง,55+,B05,2026-07-12 00:00:00,082-xxx-9486,False
C01328,กิตติ,ไม่ระบุ,18-24,B01,2026-07-19 00:00:00,081-xxx-1006,False
C01329,จิรา,ชาย,25-34,B03,2025-12-16 00:00:00,084-xxx-4808,True
C01330,พิม,หญิง,35-44,B03,2026-08-17 00:00:00,081-xxx-7511,False
C01331,นภัส,ชาย,25-34,B02,2025-10-16 00:00:00,088-xxx-1692,False
C01332,ชนา,ชาย,25-34,B03,2026-06-25 00:00:00,086-xxx-8965,False
C01333,จิรา,ชาย,45-54,B05,2026-01-08 00:00:00,083-xxx-6837,False
C01334,จิรา,ชาย,18-24,B04,2025-10-21 00:00:00,083-xxx-2892,False
C01335,เกศ,หญิง,35-44,B03,2025-11-24 00:00:00,081-xxx-3494,False
C01336,ภูมิ,ชาย,18-24,B01,2025-05-14 00:00:00,088-xxx-7674,False
C01337,ชนา,หญิง,18-24,B01,2025-07-09 00:00:00,085-xxx-8796,False
C01338,จิรา,หญิง,18-24,B03,2026-04-21 00:00:00,085-xxx-9717,False
C01339,เกศ,หญิง,35-44,B03,2025-12-28 00:00:00,085-xxx-6092,False
C01340,ภัทร,หญิง,18-24,B05,2025-12-27 00:00:00,081-xxx-3940,False
C01341,ธีร,หญิง,25-34,B04,2026-01-19 00:00:00,089-xxx-8576,False
C01342,มานพ,หญิง,35-44,B02,2025-07-27 00:00:00,084-xxx-2109,False
C01343,ภูมิ,หญิง,25-34,B05,2026-04-16 00:00:00,086-xxx-5671,False
C01344,กิตติ,หญิง,18-24,B02,2026-05-02 00:00:00,081-xxx-4472,False
C01345,ปวีณ,ชาย,18-24,B02,2025-11-12 00:00:00,081-xxx-8313,False
C01346,กมล,หญิง,25-34,B01,2026-08-05 00:00:00,089-xxx-3165,False
C01347,ภัทร,หญิง,55+,B02,2025-11-21 00:00:00,083-xxx-3541,False
C01348,อัญชลี,หญิง,18-24,B01,2025-12-14 00:00:00,089-xxx-6378,False
C01349,ธนา,หญิง,25-34,B05,2025-10-30 00:00:00,083-xxx-6925,False
C01350,อรุณ,หญิง,18-24,B02,2026-07-11 00:00:00,081-xxx-9271,False
C01351,อรุณ,หญิง,18-24,B02,2026-06-26 00:00:00,081-xxx-5407,False
C01352,ทิพย์,หญิง,25-34,B03,2026-05-24 00:00:00,083-xxx-5080,False
C01353,ภูมิ,หญิง,25-34,B01,2026-02-02 00:00:00,083-xxx-8292,False
C01354,ทิพย์,หญิง,18-24,B03,2026-09-13 00:00:00,089-xxx-1643,False
C01355,นภัส,หญิง,45-54,B05,2026-01-22 00:00:00,081-xxx-9499,False
C01356,วรรณ,ชาย,45-54,B03,2026-05-12 00:00:00,084-xxx-8497,False
C01357,ทิพย์,หญิง,18-24,B02,2026-08-03 00:00:00,089-xxx-3286,False
C01358,สมชาย,หญิง,35-44,B01,2026-06-14 00:00:00,081-xxx-5348,False
C01359,กิตติ,ชาย,18-24,B01,2026-08-05 00:00:00,086-xxx-4365,False
C01360,ปวีณ,ชาย,25-34,B01,2025-09-29 00:00:00,083-xxx-8614,False
C01361,กมล,ชาย,35-44,B02,2025-10-13 00:00:00,085-xxx-3663,False
C01362,วรรณ,ชาย,25-34,B02,2025-06-10 00:00:00,085-xxx-3900,False
C01363,นภัส,หญิง,35-44,B04,2026-03-05 00:00:00,087-xxx-4632,False
C01364,ศิริ,ชาย,25-34,B05,2025-10-23 00:00:00,084-xxx-6900,False
C01365,ภัทร,ชาย,45-54,B02,2025-07-10 00:00:00,085-xxx-2349,False
C01366,กิตติ,ชาย,18-24,B03,2026-06-05 00:00:00,085-xxx-1703,False
C01367,รัตนา,หญิง,45-54,B01,2025-04-21 00:00:00,081-xxx-6276,False
C01368,อัญชลี,หญิง,35-44,B05,2025-11-24 00:00:00,089-xxx-3738,False
C01369,นภัส,ชาย,35-44,B02,2025-09-29 00:00:00,083-xxx-7608,False
C01370,อรุณ,หญิง,35-44,B01,2026-03-11 00:00:00,081-xxx-4947,False
C01371,ภัทร,ชาย,35-44,B01,2025-09-19 00:00:00,086-xxx-3109,False
C01372,อัญชลี,ชาย,ต่ำกว่า 18,B04,2025-12-24 00:00:00,083-xxx-4395,False
C01373,ภูมิ,หญิง,18-24,B03,2026-08-11 00:00:00,088-xxx-3228,False
C01374,อัญชลี,ชาย,25-34,B02,2026-09-11 00:00:00,084-xxx-6310,False
C01375,อัญชลี,หญิง,18-24,B03,2026-08-20 00:00:00,084-xxx-7906,False
C01376,นภัส,ชาย,25-34,B01,2025-06-17 00:00:00,083-xxx-5339,False
C01377,ทิพย์,ชาย,18-24,B05,2025-12-27 00:00:00,082-xxx-8118,False
C01378,ชนา,ชาย,25-34,B01,2025-06-10 00:00:00,089-xxx-7456,False
C01379,สุดา,หญิง,25-34,B02,2025-05-27 00:00:00,089-xxx-1262,False
C01380,จิรา,หญิง,35-44,B05,2025-05-13 00:00:00,081-xxx-1040,False
C01381,วรรณ,หญิง,18-24,B01,2026-06-18 00:00:00,082-xxx-9328,False
C01382,ปวีณ,ชาย,18-24,B05,2025-10-27 00:00:00,088-xxx-2607,False
C01383,ปิยะ,ชาย,18-24,B05,2025-04-02 00:00:00,089-xxx-8360,False
C01384,ภูมิ,หญิง,45-54,B02,2026-04-27 00:00:00,089-xxx-7946,False
C01385,ณัฐ,หญิง,35-44,B02,2026-06-03 00:00:00,086-xxx-7479,False
C01386,เกศ,ชาย,45-54,B01,2026-05-25 00:00:00,085-xxx-8784,False
C01387,ภัทร,หญิง,18-24,B02,2026-07-19 00:00:00,084-xxx-6043,False
C01388,อรุณ,ชาย,18-24,B02,2025-12-27 00:00:00,084-xxx-2371,False
C01389,ภูมิ,ชาย,35-44,B02,2026-05-22 00:00:00,087-xxx-1706,False
C01390,ปวีณ,ชาย,18-24,B01,2025-07-07 00:00:00,085-xxx-7375,False
C01391,ธีร,หญิง,25-34,B05,2025-12-23 00:00:00,084-xxx-8513,False
C01392,สมชาย,ชาย,25-34,B04,2025-05-01 00:00:00,084-xxx-9101,False
C01393,วีระ,หญิง,25-34,B01,2026-05-13 00:00:00,084-xxx-5080,False
C01394,ศิริ,หญิง,18-24,B04,2025-10-07 00:00:00,082-xxx-3093,False
C01395,จิรา,ชาย,55+,B01,2025-06-24 00:00:00,083-xxx-8508,False
C01396,นภัส,ชาย,25-34,B01,2026-01-16 00:00:00,082-xxx-1031,False
C01397,รัตนา,หญิง,45-54,B04,2026-03-31 00:00:00,083-xxx-7484,False
C01398,มานพ,ชาย,25-34,B04,2025-07-08 00:00:00,086-xxx-5881,False
C01399,สมชาย,ชาย,18-24,B02,2026-02-07 00:00:00,082-xxx-8222,False
C01400,ณัฐ,ชาย,55+,B03,2026-03-19 00:00:00,082-xxx-7094,False
C01401,ภัทร,ชาย,35-44,B05,2026-03-07 00:00:00,087-xxx-9476,False
C01402,ภูมิ,ชาย,45-54,B03,2026-03-15 00:00:00,085-xxx-3082,False
C01403,เกศ,ชาย,35-44,B05,2026-07-27 00:00:00,086-xxx-6216,False
C01404,ณัฐ,หญิง,ต่ำกว่า 18,B01,2026-02-16 00:00:00,087-xxx-2185,False
C01405,ภัทร,หญิง,55+,B04,2025-05-19 00:00:00,086-xxx-5390,False
C01406,ปิยะ,หญิง,18-24,B02,2026-03-20 00:00:00,086-xxx-7127,True
C01407,กิตติ,หญิง,18-24,B02,2025-05-01 00:00:00,084-xxx-6836,False
C01408,อัญชลี,หญิง,25-34,B04,2025-12-01 00:00:00,081-xxx-7316,False
C01409,ภูมิ,หญิง,25-34,B05,2026-07-25 00:00:00,086-xxx-4331,False
C01410,ธีร,หญิง,25-34,B02,2025-09-01 00:00:00,082-xxx-6049,False
C01411,วรรณ,หญิง,25-34,B01,2025-11-18 00:00:00,086-xxx-9760,False
C01412,ทิพย์,ชาย,35-44,B05,2025-11-09 00:00:00,086-xxx-5478,False
C01413,รัตนา,หญิง,55+,B01,2026-07-19 00:00:00,089-xxx-3043,False
C01414,อัญชลี,หญิง,35-44,B02,2026-01-28 00:00:00,088-xxx-3994,False
C01415,ปิยะ,ชาย,45-54,B02,2026-07-12 00:00:00,087-xxx-2067,False
C01416,ภูมิ,หญิง,55+,B01,2025-10-30 00:00:00,084-xxx-2500,False
C01417,สมชาย,หญิง,25-34,B01,2025-04-19 00:00:00,083-xxx-3977,False
C01418,ภัทร,หญิง,18-24,B01,2026-04-03 00:00:00,087-xxx-6007,False
C01419,ปิยะ,ชาย,18-24,B01,2025-05-12 00:00:00,088-xxx-5991,False
C01420,สุดา,หญิง,18-24,B01,2025-11-15 00:00:00,083-xxx-8071,False
C01421,สุดา,หญิง,35-44,B04,2025-10-29 00:00:00,083-xxx-3698,False
C01422,นภัส,หญิง,45-54,B03,2026-01-15 00:00:00,085-xxx-1799,False
C01423,ปิยะ,ชาย,35-44,B01,2025-05-17 00:00:00,086-xxx-4456,False
C01424,วรรณ,ชาย,25-34,B05,2026-02-17 00:00:00,083-xxx-5127,False
C01425,ธนา,หญิง,45-54,B05,2026-03-17 00:00:00,084-xxx-2945,False
C01426,ธีร,ไม่ระบุ,35-44,B05,2025-11-02 00:00:00,088-xxx-4135,False
C01427,ปิยะ,ชาย,25-34,B02,2026-07-21 00:00:00,082-xxx-9720,False
C01428,ธีร,ชาย,35-44,B02,2026-08-30 00:00:00,087-xxx-6778,True
C01429,นภัส,ชาย,35-44,B04,2026-09-11 00:00:00,084-xxx-9224,False
C01430,ภัทร,ชาย,45-54,B04,2025-04-23 00:00:00,089-xxx-5522,False
C01431,สุดา,หญิง,35-44,B04,2026-07-23 00:00:00,088-xxx-4233,False
C01432,วรรณ,ชาย,25-34,B02,2025-04-05 00:00:00,089-xxx-8387,False
C01433,อัญชลี,ชาย,55+,B05,2025-11-11 00:00:00,085-xxx-8215,False
C01434,วีระ,หญิง,25-34,B04,2026-02-07 00:00:00,085-xxx-2249,False
C01435,นภัส,หญิง,ต่ำกว่า 18,B04,2025-09-23 00:00:00,087-xxx-7275,False
C01436,สุดา,หญิง,35-44,B02,2025-12-22 00:00:00,089-xxx-7026,False
C01437,เกศ,หญิง,25-34,B01,2026-03-10 00:00:00,082-xxx-2693,False
C01438,ธนา,หญิง,25-34,B04,2025-09-17 00:00:00,089-xxx-5633,False
C01439,กมล,หญิง,35-44,B01,2026-07-29 00:00:00,083-xxx-4565,False
C01440,วรรณ,หญิง,25-34,B02,2025-09-25 00:00:00,087-xxx-7884,False
C01441,อรุณ,หญิง,25-34,B01,2026-01-25 00:00:00,083-xxx-2568,False
C01442,ปวีณ,หญิง,18-24,B01,2025-05-22 00:00:00,088-xxx-1104,False
C01443,มานพ,หญิง,25-34,B05,2026-04-25 00:00:00,084-xxx-3771,True
C01444,ภัทร,ชาย,25-34,B05,2025-10-31 00:00:00,083-xxx-2793,False
C01445,นภัส,ชาย,ต่ำกว่า 18,B01,2026-07-10 00:00:00,088-xxx-6825,False
C01446,มานพ,ชาย,25-34,B01,2025-11-18 00:00:00,084-xxx-6411,False
C01447,ปวีณ,ไม่ระบุ,35-44,B02,2025-07-24 00:00:00,082-xxx-5797,False
C01448,ธีร,หญิง,45-54,B01,2026-04-02 00:00:00,083-xxx-5469,False
C01449,ปิยะ,ชาย,35-44,B02,2025-06-13 00:00:00,081-xxx-2663,False
C01450,อรุณ,ชาย,35-44,B01,2026-09-13 00:00:00,088-xxx-9789,False
C01451,สุดา,หญิง,25-34,B02,2026-04-28 00:00:00,081-xxx-7400,False
C01452,ธนา,ชาย,18-24,B01,2025-05-16 00:00:00,084-xxx-4954,False
C01453,อัญชลี,หญิง,25-34,B05,2026-06-18 00:00:00,085-xxx-5366,False
C01454,พิม,หญิง,25-34,B01,2025-09-01 00:00:00,088-xxx-6676,False
C01455,กมล,หญิง,35-44,B02,2026-09-14 00:00:00,082-xxx-4565,False
C01456,กมล,ชาย,25-34,B03,2025-11-19 00:00:00,085-xxx-8443,False
C01457,อรุณ,หญิง,35-44,B03,2026-05-02 00:00:00,085-xxx-7093,True
C01458,นภัส,ชาย,35-44,B03,2026-03-19 00:00:00,087-xxx-6394,False
C01459,กมล,หญิง,25-34,B02,2025-08-04 00:00:00,083-xxx-1473,False
C01460,จิรา,หญิง,18-24,B02,2026-09-10 00:00:00,086-xxx-6274,True
C01461,ภัทร,หญิง,45-54,B01,2026-08-10 00:00:00,085-xxx-4044,False
C01462,สุดา,หญิง,45-54,B04,2025-06-21 00:00:00,084-xxx-1682,False
C01463,รัตนา,ชาย,18-24,B04,2026-06-12 00:00:00,082-xxx-4654,False
C01464,ปิยะ,หญิง,25-34,B01,2026-07-04 00:00:00,087-xxx-4268,False
C01465,รัตนา,ชาย,25-34,B05,2026-07-08 00:00:00,086-xxx-1003,False
C01466,กมล,หญิง,18-24,B05,2026-01-21 00:00:00,084-xxx-9785,False
C01467,ธีร,หญิง,25-34,B01,2026-05-19 00:00:00,084-xxx-9424,False
C01468,วรรณ,หญิง,45-54,B02,2025-06-22 00:00:00,086-xxx-8259,False
C01469,กิตติ,ชาย,25-34,B05,2026-02-08 00:00:00,085-xxx-6281,False
C01470,ภูมิ,หญิง,35-44,B02,2025-10-06 00:00:00,088-xxx-8339,False
C01471,ธนา,ชาย,18-24,B05,2025-07-12 00:00:00,084-xxx-4395,False
C01472,กมล,หญิง,55+,B01,2025-06-06 00:00:00,086-xxx-1180,False
C01473,พิม,หญิง,45-54,B02,2026-08-30 00:00:00,088-xxx-8531,False
C01474,กิตติ,หญิง,25-34,B04,2025-12-26 00:00:00,089-xxx-4901,False
C01475,สมชาย,ชาย,45-54,B02,2026-09-01 00:00:00,088-xxx-6389,False
C01476,ศิริ,หญิง,45-54,B02,2025-10-19 00:00:00,087-xxx-9714,False
C01477,จิรา,ชาย,25-34,B01,2026-01-15 00:00:00,089-xxx-2894,True
C01478,รัตนา,ชาย,35-44,B01,2026-07-15 00:00:00,081-xxx-5032,False
C01479,ธีร,ชาย,45-54,B04,2025-10-22 00:00:00,084-xxx-5425,False
C01480,กมล,หญิง,35-44,B03,2026-04-24 00:00:00,081-xxx-4380,False
C01481,รัตนา,หญิง,35-44,B01,2026-08-10 00:00:00,082-xxx-3985,False
C01482,กมล,หญิง,25-34,B05,2025-09-20 00:00:00,083-xxx-5083,True
C01483,อรุณ,ชาย,25-34,B01,2026-03-05 00:00:00,083-xxx-9544,False
C01484,อัญชลี,หญิง,25-34,B04,2025-06-15 00:00:00,081-xxx-8579,False
C01485,มานพ,หญิง,25-34,B02,2026-02-01 00:00:00,081-xxx-5299,False
C01486,กิตติ,หญิง,25-34,B05,2025-06-11 00:00:00,083-xxx-6977,False
C01487,ภัทร,หญิง,18-24,B05,2025-05-05 00:00:00,083-xxx-2054,False
C01488,ปวีณ,ชาย,ต่ำกว่า 18,B01,2025-11-06 00:00:00,082-xxx-8467,False
C01489,กมล,ชาย,25-34,B05,2025-05-20 00:00:00,087-xxx-7831,False
C01490,พิม,หญิง,25-34,B02,2025-09-12 00:00:00,088-xxx-4456,False
C01491,สุดา,ชาย,35-44,B01,2026-04-09 00:00:00,084-xxx-3378,False
C01492,วรรณ,หญิง,35-44,B01,2026-05-23 00:00:00,085-xxx-3209,False
C01493,ศิริ,ชาย,25-34,B02,2026-07-16 00:00:00,081-xxx-3152,False
C01494,จิรา,ชาย,25-34,B04,2026-06-03 00:00:00,088-xxx-9683,False
C01495,จิรา,หญิง,18-24,B02,2025-04-06 00:00:00,089-xxx-6276,False
C01496,กมล,หญิง,18-24,B03,2026-01-18 00:00:00,082-xxx-6619,False
C01497,อัญชลี,หญิง,25-34,B01,2026-07-09 00:00:00,081-xxx-7031,False
C01498,ธีร,หญิง,45-54,B05,2026-06-21 00:00:00,084-xxx-6164,False
C01499,ศิริ,หญิง,25-34,B02,2025-06-27 00:00:00,083-xxx-8602,False
C01500,พิม,ชาย,ต่ำกว่า 18,B02,2025-04-26 00:00:00,081-xxx-3398,False
C01501,ธนา,หญิง,45-54,B04,2026-05-12 00:00:00,081-xxx-3146,False
C01502,สมชาย,ชาย,25-34,B03,2025-12-04 00:00:00,083-xxx-2128,False
C01503,จิรา,หญิง,18-24,B02,2026-05-26 00:00:00,088-xxx-6664,False
C01504,ธีร,ชาย,35-44,B01,2025-10-10 00:00:00,088-xxx-4866,False
C01505,พิม,ชาย,35-44,B03,2026-07-09 00:00:00,087-xxx-6527,False
C01506,จิรา,หญิง,18-24,B03,2025-12-02 00:00:00,082-xxx-3407,False
C01507,มานพ,ชาย,25-34,B05,2026-05-31 00:00:00,088-xxx-6096,False
C01508,ณัฐ,หญิง,35-44,B01,2026-05-09 00:00:00,083-xxx-1290,False
C01509,จิรา,ชาย,45-54,B02,2025-11-29 00:00:00,087-xxx-3237,False
C01510,มานพ,หญิง,25-34,B03,2026-07-15 00:00:00,082-xxx-4112,False
C01511,สุดา,หญิง,25-34,B03,2026-02-25 00:00:00,084-xxx-5577,False
C01512,เกศ,ชาย,25-34,B02,2026-09-03 00:00:00,081-xxx-3125,False
C01513,กมล,ชาย,25-34,B05,2025-10-06 00:00:00,083-xxx-8246,False
C01514,ณัฐ,หญิง,18-24,B01,2026-04-01 00:00:00,087-xxx-6263,False
C01515,ธีร,หญิง,18-24,B02,2025-04-15 00:00:00,089-xxx-7149,False
C01516,ปวีณ,หญิง,18-24,B04,2025-06-20 00:00:00,086-xxx-1464,False
C01517,ธีร,หญิง,35-44,B01,2026-03-12 00:00:00,081-xxx-7779,False
C01518,รัตนา,หญิง,45-54,B05,2026-08-06 00:00:00,087-xxx-4191,False
C01519,พิม,หญิง,45-54,B02,2026-02-16 00:00:00,084-xxx-7615,False
C01520,ชนา,หญิง,25-34,B01,2026-04-15 00:00:00,087-xxx-2207,False
C01521,ทิพย์,หญิง,25-34,B01,2025-05-26 00:00:00,081-xxx-3814,False
C01522,อัญชลี,หญิง,18-24,B04,2026-03-28 00:00:00,081-xxx-3514,False
C01523,ปิยะ,ชาย,55+,B05,2025-07-18 00:00:00,083-xxx-4524,False
C01524,วรรณ,ชาย,35-44,B05,2025-09-06 00:00:00,088-xxx-2976,False
C01525,ธีร,ชาย,45-54,B05,2025-09-29 00:00:00,085-xxx-2582,False
C01526,กมล,ชาย,45-54,B03,2026-02-05 00:00:00,086-xxx-4100,False
C01527,สุดา,หญิง,25-34,B02,2025-09-22 00:00:00,084-xxx-9155,False
C01528,ปวีณ,ชาย,25-34,B01,2026-02-12 00:00:00,088-xxx-7550,False
C01529,ธนา,ชาย,25-34,B02,2026-07-18 00:00:00,085-xxx-8851,False
C01530,ศิริ,ชาย,45-54,B03,2026-07-17 00:00:00,088-xxx-9674,False
C01531,ภัทร,หญิง,35-44,B01,2025-07-12 00:00:00,085-xxx-7220,False
C01532,ภัทร,ชาย,18-24,B01,2025-11-30 00:00:00,085-xxx-7054,False
C01533,ภูมิ,ชาย,25-34,B05,2026-04-29 00:00:00,081-xxx-3311,False
C01534,ชนา,หญิง,18-24,B02,2025-08-15 00:00:00,084-xxx-5785,False
C01535,ธีร,ชาย,18-24,B01,2025-10-24 00:00:00,086-xxx-4050,False
C01536,กมล,หญิง,45-54,B01,2025-10-05 00:00:00,087-xxx-7685,True
C01537,ทิพย์,หญิง,35-44,B04,2025-12-20 00:00:00,088-xxx-7415,False
C01538,วรรณ,หญิง,45-54,B01,2025-08-14 00:00:00,082-xxx-1297,False
C01539,สุดา,ชาย,18-24,B03,2025-12-25 00:00:00,089-xxx-6164,False
C01540,พิม,หญิง,45-54,B05,2026-07-08 00:00:00,088-xxx-2622,False
C01541,ธีร,หญิง,25-34,B05,2026-03-03 00:00:00,082-xxx-1222,False
C01542,รัตนา,หญิง,18-24,B04,2026-08-28 00:00:00,089-xxx-5523,False
C01543,พิม,หญิง,55+,B05,2025-11-17 00:00:00,082-xxx-4879,False
C01544,วีระ,ชาย,18-24,B01,2025-12-01 00:00:00,086-xxx-7367,False
C01545,ภัทร,หญิง,ต่ำกว่า 18,B02,2026-04-27 00:00:00,089-xxx-6535,False
C01546,ชนา,ชาย,18-24,B04,2026-01-11 00:00:00,084-xxx-1266,True
C01547,กิตติ,ชาย,35-44,B05,2025-10-15 00:00:00,083-xxx-2010,False
C01548,ธีร,ชาย,35-44,B03,2026-01-08 00:00:00,081-xxx-3904,False
C01549,ภัทร,หญิง,45-54,B02,2025-09-14 00:00:00,081-xxx-5316,False
C01550,วีระ,หญิง,35-44,B02,2026-01-27 00:00:00,086-xxx-9612,False
C01551,ภูมิ,หญิง,55+,B04,2025-09-27 00:00:00,087-xxx-1485,False
C01552,วรรณ,หญิง,45-54,B05,2026-01-24 00:00:00,087-xxx-1116,False
C01553,เกศ,หญิง,25-34,B01,2026-03-30 00:00:00,089-xxx-7685,False
C01554,ภัทร,ชาย,35-44,B05,2025-05-26 00:00:00,089-xxx-9636,False
C01555,ปิยะ,หญิง,35-44,B01,2025-12-22 00:00:00,084-xxx-2355,False
C01556,ปวีณ,หญิง,18-24,B01,2026-07-31 00:00:00,087-xxx-3245,False
C01557,ปิยะ,หญิง,35-44,B02,2025-06-26 00:00:00,086-xxx-2889,False
C01558,ธีร,หญิง,25-34,B01,2025-05-24 00:00:00,087-xxx-4644,False
C01559,ชนา,ชาย,18-24,B03,2026-08-11 00:00:00,086-xxx-3140,False
C01560,ณัฐ,หญิง,25-34,B02,2025-10-28 00:00:00,081-xxx-9063,False
C01561,อัญชลี,หญิง,ต่ำกว่า 18,B02,2026-02-02 00:00:00,084-xxx-3970,False
C01562,ภัทร,ชาย,25-34,B05,2025-05-02 00:00:00,081-xxx-7536,False
C01563,ชนา,หญิง,ต่ำกว่า 18,B02,2025-09-17 00:00:00,089-xxx-7733,False
C01564,ปิยะ,ชาย,35-44,B05,2025-06-15 00:00:00,087-xxx-9297,False
C01565,จิรา,หญิง,18-24,B02,2026-09-05 00:00:00,087-xxx-2727,False
C01566,ภูมิ,ชาย,18-24,B04,2025-12-14 00:00:00,085-xxx-2798,False
C01567,ธีร,หญิง,45-54,B01,2026-06-12 00:00:00,086-xxx-3053,False
C01568,เกศ,หญิง,25-34,B04,2025-04-17 00:00:00,081-xxx-4615,False
C01569,ชนา,ชาย,18-24,B04,2026-08-28 00:00:00,084-xxx-6987,False
C01570,อรุณ,หญิง,18-24,B02,2026-08-23 00:00:00,089-xxx-8611,False
C01571,ทิพย์,ชาย,25-34,B05,2026-05-13 00:00:00,082-xxx-4182,False
C01572,เกศ,ชาย,35-44,B04,2026-04-26 00:00:00,088-xxx-6719,False
C01573,วีระ,หญิง,ต่ำกว่า 18,B02,2026-06-03 00:00:00,085-xxx-1669,False
C01574,จิรา,หญิง,45-54,B05,2025-04-15 00:00:00,089-xxx-1754,False
C01575,ปวีณ,ชาย,18-24,B02,2026-09-11 00:00:00,081-xxx-6387,False
C01576,สุดา,หญิง,25-34,B02,2026-05-11 00:00:00,081-xxx-4667,False
C01577,ปิยะ,ชาย,18-24,B02,2026-08-10 00:00:00,083-xxx-6474,False
C01578,ภูมิ,หญิง,35-44,B05,2026-07-05 00:00:00,088-xxx-6157,False
C01579,ชนา,หญิง,45-54,B04,2026-05-14 00:00:00,083-xxx-7777,False
C01580,ภูมิ,หญิง,18-24,B03,2025-12-07 00:00:00,083-xxx-8342,False
C01581,กมล,ชาย,35-44,B05,2025-04-06 00:00:00,082-xxx-4538,False
C01582,ภัทร,ชาย,35-44,B04,2026-04-27 00:00:00,084-xxx-6302,False
C01583,วรรณ,ชาย,55+,B02,2026-08-16 00:00:00,081-xxx-9135,False
C01584,ธนา,ชาย,25-34,B05,2026-01-20 00:00:00,081-xxx-4184,False
C01585,อรุณ,ชาย,25-34,B04,2026-04-16 00:00:00,085-xxx-3169,False
C01586,ภัทร,หญิง,18-24,B05,2026-05-01 00:00:00,086-xxx-1846,False
C01587,ภัทร,ชาย,18-24,B04,2026-06-23 00:00:00,089-xxx-4837,False
C01588,กิตติ,หญิง,18-24,B05,2025-10-02 00:00:00,087-xxx-9549,False
C01589,ทิพย์,หญิง,ต่ำกว่า 18,B05,2026-02-03 00:00:00,084-xxx-7481,False
C01590,กิตติ,ชาย,25-34,B05,2026-05-06 00:00:00,089-xxx-1810,False
C01591,เกศ,หญิง,45-54,B05,2025-12-05 00:00:00,082-xxx-5944,False
C01592,รัตนา,หญิง,45-54,B05,2025-09-10 00:00:00,087-xxx-4856,False
C01593,กมล,หญิง,18-24,B02,2026-09-01 00:00:00,085-xxx-8533,False
C01594,สมชาย,ชาย,25-34,B05,2026-04-18 00:00:00,086-xxx-9858,False
C01595,กิตติ,ชาย,45-54,B05,2026-08-16 00:00:00,081-xxx-1339,False
C01596,นภัส,ชาย,18-24,B02,2026-03-13 00:00:00,084-xxx-2534,False
C01597,รัตนา,ชาย,25-34,B01,2025-11-22 00:00:00,084-xxx-8049,False
C01598,ธีร,หญิง,25-34,B01,2025-11-07 00:00:00,084-xxx-3969,False
C01599,ภัทร,หญิง,45-54,B02,2026-03-15 00:00:00,086-xxx-4738,False
C01600,จิรา,หญิง,35-44,B01,2025-09-28 00:00:00,083-xxx-7110,False
C01601,ภัทร,ชาย,35-44,B04,2026-03-30 00:00:00,088-xxx-9635,False
C01602,นภัส,หญิง,45-54,B01,2026-01-21 00:00:00,084-xxx-9320,False
C01603,สมชาย,หญิง,18-24,B01,2026-06-01 00:00:00,087-xxx-1751,False
C01604,กมล,ชาย,18-24,B02,2026-09-13 00:00:00,083-xxx-1816,False
C01605,สุดา,หญิง,45-54,B02,2026-03-20 00:00:00,088-xxx-7594,False
C01606,ธีร,ชาย,25-34,B01,2025-06-23 00:00:00,081-xxx-7687,False
C01607,สมชาย,หญิง,35-44,B02,2026-06-23 00:00:00,087-xxx-8068,False
C01608,จิรา,ชาย,25-34,B01,2025-09-05 00:00:00,081-xxx-9450,False
C01609,วีระ,หญิง,45-54,B01,2025-11-10 00:00:00,089-xxx-9508,False
C01610,กิตติ,ชาย,45-54,B01,2025-07-02 00:00:00,087-xxx-2779,False
C01611,วีระ,ชาย,35-44,B04,2025-12-05 00:00:00,089-xxx-8564,False
C01612,นภัส,ชาย,25-34,B05,2025-12-13 00:00:00,087-xxx-7186,False
C01613,สุดา,หญิง,18-24,B01,2026-05-02 00:00:00,085-xxx-9212,False
C01614,ธนา,ไม่ระบุ,45-54,B04,2025-07-20 00:00:00,088-xxx-4837,False
C01615,สุดา,ชาย,18-24,B04,2026-04-30 00:00:00,085-xxx-1911,False
C01616,นภัส,ชาย,25-34,B03,2026-01-07 00:00:00,087-xxx-7795,False
C01617,เกศ,หญิง,25-34,B03,2026-04-18 00:00:00,088-xxx-1515,False
C01618,สุดา,ชาย,ต่ำกว่า 18,B04,2026-09-08 00:00:00,088-xxx-7640,False
C01619,ชนา,ชาย,18-24,B01,2025-10-28 00:00:00,082-xxx-3694,False
C01620,มานพ,ชาย,35-44,B02,2025-05-14 00:00:00,081-xxx-7144,False
C01621,ธนา,หญิง,35-44,B03,2026-05-31 00:00:00,088-xxx-9405,False
C01622,สุดา,ไม่ระบุ,25-34,B04,2026-03-18 00:00:00,083-xxx-3291,False
C01623,ธีร,หญิง,35-44,B01,2026-04-02 00:00:00,085-xxx-8928,True
C01624,จิรา,หญิง,18-24,B01,2025-12-11 00:00:00,084-xxx-7205,False
C01625,ณัฐ,ไม่ระบุ,ต่ำกว่า 18,B03,2026-02-16 00:00:00,081-xxx-1272,False
C01626,ภัทร,ชาย,18-24,B02,2026-08-16 00:00:00,082-xxx-2824,False
C01627,ธนา,หญิง,18-24,B05,2026-02-13 00:00:00,085-xxx-4429,False
C01628,ทิพย์,ชาย,25-34,B03,2026-07-06 00:00:00,082-xxx-1770,False
C01629,ภูมิ,ไม่ระบุ,18-24,B04,2026-02-15 00:00:00,082-xxx-7791,False
C01630,อัญชลี,ชาย,55+,B01,2025-07-27 00:00:00,085-xxx-7448,False
C01631,อัญชลี,หญิง,18-24,B02,2025-06-15 00:00:00,085-xxx-2102,False
C01632,ณัฐ,หญิง,ต่ำกว่า 18,B05,2026-08-26 00:00:00,089-xxx-3952,False
C01633,กมล,หญิง,45-54,B05,2025-08-05 00:00:00,081-xxx-9642,False
C01634,กิตติ,หญิง,18-24,B05,2025-09-26 00:00:00,087-xxx-7518,False
C01635,ธีร,หญิง,18-24,B01,2026-04-28 00:00:00,081-xxx-8023,True
C01636,ชนา,หญิง,ต่ำกว่า 18,B05,2025-04-09 00:00:00,089-xxx-8972,False
C01637,นภัส,ชาย,35-44,B02,2026-08-11 00:00:00,081-xxx-7786,False
C01638,ภูมิ,หญิง,25-34,B01,2026-03-11 00:00:00,085-xxx-4243,False
C01639,ทิพย์,หญิง,18-24,B02,2026-02-04 00:00:00,087-xxx-2429,False
C01640,ชนา,ชาย,35-44,B04,2026-06-29 00:00:00,087-xxx-8811,False
C01641,ธนา,หญิง,35-44,B02,2025-08-07 00:00:00,083-xxx-5803,False
C01642,อรุณ,หญิง,25-34,B03,2026-09-13 00:00:00,082-xxx-6059,False
C01643,อรุณ,ชาย,18-24,B05,2026-08-11 00:00:00,083-xxx-9131,False
C01644,ณัฐ,หญิง,25-34,B01,2025-04-22 00:00:00,084-xxx-1203,False
C01645,พิม,หญิง,35-44,B03,2026-01-26 00:00:00,089-xxx-6442,False
C01646,วรรณ,ชาย,35-44,B01,2026-07-27 00:00:00,084-xxx-4145,False
C01647,ปวีณ,หญิง,25-34,B04,2025-08-20 00:00:00,086-xxx-9481,False
C01648,ณัฐ,ชาย,18-24,B02,2025-07-07 00:00:00,083-xxx-4687,False
C01649,ทิพย์,หญิง,25-34,B05,2025-12-30 00:00:00,089-xxx-7387,False
C01650,สุดา,ไม่ระบุ,35-44,B03,2026-07-05 00:00:00,082-xxx-8763,False
C01651,ภัทร,หญิง,35-44,B03,2025-12-27 00:00:00,082-xxx-2536,False
C01652,อัญชลี,ไม่ระบุ,45-54,B05,2026-02-14 00:00:00,085-xxx-2390,False
C01653,จิรา,ชาย,25-34,B04,2025-10-21 00:00:00,082-xxx-8408,False
C01654,กมล,ไม่ระบุ,45-54,B01,2025-12-23 00:00:00,089-xxx-3909,False
C01655,สมชาย,หญิง,45-54,B05,2026-07-20 00:00:00,083-xxx-2786,False
C01656,ภัทร,หญิง,55+,B02,2025-06-20 00:00:00,088-xxx-5136,False
C01657,อัญชลี,หญิง,18-24,B03,2026-08-01 00:00:00,081-xxx-1630,False
C01658,ปิยะ,ไม่ระบุ,25-34,B01,2025-09-15 00:00:00,085-xxx-5988,False
C01659,รัตนา,หญิง,35-44,B02,2026-01-21 00:00:00,081-xxx-4963,False
C01660,ภัทร,หญิง,35-44,B01,2025-06-14 00:00:00,084-xxx-3170,False
C01661,ณัฐ,หญิง,25-34,B04,2026-07-21 00:00:00,087-xxx-3481,False
C01662,ภูมิ,ชาย,18-24,B05,2026-09-02 00:00:00,082-xxx-3844,False
C01663,ศิริ,หญิง,45-54,B05,2025-12-30 00:00:00,085-xxx-7006,False
C01664,กมล,หญิง,25-34,B01,2025-06-16 00:00:00,089-xxx-5470,False
C01665,ธีร,หญิง,18-24,B03,2025-12-02 00:00:00,088-xxx-3192,False
C01666,วรรณ,ชาย,18-24,B03,2026-03-18 00:00:00,087-xxx-2665,False
C01667,กมล,หญิง,25-34,B01,2025-04-05 00:00:00,082-xxx-9417,False
C01668,ทิพย์,หญิง,18-24,B04,2025-04-21 00:00:00,088-xxx-3038,False
C01669,พิม,หญิง,35-44,B05,2025-04-10 00:00:00,087-xxx-8915,False
C01670,กมล,หญิง,18-24,B01,2026-02-07 00:00:00,081-xxx-1016,False
C01671,พิม,หญิง,18-24,B04,2025-06-16 00:00:00,088-xxx-3107,False
C01672,วีระ,ชาย,25-34,B02,2026-07-04 00:00:00,083-xxx-7925,False
C01673,เกศ,ชาย,25-34,B02,2025-07-21 00:00:00,082-xxx-5671,False
C01674,เกศ,หญิง,25-34,B05,2026-04-26 00:00:00,085-xxx-2095,False
C01675,นภัส,ชาย,25-34,B02,2025-07-16 00:00:00,081-xxx-6017,False
C01676,ณัฐ,หญิง,35-44,B03,2025-12-11 00:00:00,084-xxx-4159,False
C01677,ศิริ,หญิง,18-24,B04,2026-02-20 00:00:00,081-xxx-1453,False
C01678,จิรา,ชาย,18-24,B05,2025-08-24 00:00:00,089-xxx-8633,False
C01679,อัญชลี,หญิง,55+,B02,2026-04-28 00:00:00,085-xxx-7147,False
C01680,เกศ,หญิง,35-44,B05,2026-06-14 00:00:00,081-xxx-1126,False
C01681,ธนา,ชาย,18-24,B01,2026-02-15 00:00:00,081-xxx-2255,False
C01682,ภูมิ,หญิง,25-34,B05,2026-07-13 00:00:00,088-xxx-9918,False
C01683,ธีร,ไม่ระบุ,25-34,B03,2025-12-21 00:00:00,087-xxx-9868,False
C01684,สุดา,หญิง,35-44,B01,2026-01-13 00:00:00,088-xxx-2262,False
C01685,อัญชลี,หญิง,ต่ำกว่า 18,B05,2026-01-31 00:00:00,086-xxx-6312,False
C01686,สมชาย,หญิง,45-54,B05,2025-04-08 00:00:00,086-xxx-5070,False
C01687,จิรา,ชาย,18-24,B04,2025-05-04 00:00:00,082-xxx-4554,False
C01688,อรุณ,ชาย,18-24,B04,2026-05-08 00:00:00,089-xxx-2371,False
C01689,ณัฐ,หญิง,25-34,B04,2026-05-12 00:00:00,088-xxx-4079,False
C01690,ธีร,หญิง,35-44,B01,2025-04-18 00:00:00,086-xxx-7152,False
C01691,ภูมิ,หญิง,25-34,B05,2025-04-17 00:00:00,087-xxx-1215,False
C01692,ศิริ,หญิง,25-34,B01,2025-05-09 00:00:00,086-xxx-5669,False
C01693,ชนา,หญิง,35-44,B01,2026-02-22 00:00:00,081-xxx-1879,False
C01694,รัตนา,หญิง,35-44,B01,2026-04-05 00:00:00,087-xxx-9809,False
C01695,อัญชลี,ชาย,25-34,B05,2026-02-28 00:00:00,088-xxx-4993,False
C01696,ปวีณ,หญิง,35-44,B01,2026-01-18 00:00:00,082-xxx-4401,False
C01697,ภัทร,ชาย,35-44,B02,2025-12-06 00:00:00,088-xxx-4768,False
C01698,นภัส,หญิง,35-44,B02,2025-07-20 00:00:00,089-xxx-1264,False
C01699,ทิพย์,หญิง,18-24,B03,2026-06-18 00:00:00,083-xxx-8403,False
C01700,ณัฐ,ชาย,45-54,B05,2025-09-25 00:00:00,083-xxx-4446,False
C01701,พิม,หญิง,35-44,B04,2026-09-05 00:00:00,082-xxx-5138,False
C01702,จิรา,หญิง,ต่ำกว่า 18,B05,2026-04-01 00:00:00,081-xxx-3870,False
C01703,วีระ,หญิง,35-44,B05,2026-08-27 00:00:00,084-xxx-8727,False
C01704,ธีร,หญิง,35-44,B01,2026-07-18 00:00:00,088-xxx-8247,False
C01705,มานพ,ชาย,35-44,B05,2026-03-09 00:00:00,088-xxx-5206,False
C01706,จิรา,หญิง,18-24,B02,2026-02-09 00:00:00,085-xxx-7812,False
C01707,รัตนา,ชาย,18-24,B03,2026-09-07 00:00:00,088-xxx-9840,True
C01708,รัตนา,หญิง,35-44,B01,2025-09-05 00:00:00,084-xxx-3486,False
C01709,ศิริ,ชาย,25-34,B02,2025-04-25 00:00:00,081-xxx-4252,False
C01710,ธนา,ชาย,25-34,B05,2025-12-16 00:00:00,084-xxx-6906,False
C01711,ภูมิ,หญิง,55+,B02,2025-08-15 00:00:00,089-xxx-4572,False
C01712,กมล,หญิง,25-34,B03,2026-08-21 00:00:00,089-xxx-9112,False
C01713,ศิริ,หญิง,18-24,B05,2026-01-04 00:00:00,082-xxx-5590,False
C01714,ธีร,หญิง,18-24,B05,2026-09-05 00:00:00,082-xxx-1515,False
C01715,อรุณ,ชาย,55+,B01,2025-05-27 00:00:00,087-xxx-9429,False
C01716,ชนา,ไม่ระบุ,ต่ำกว่า 18,B02,2026-04-18 00:00:00,082-xxx-3039,False
C01717,เกศ,ชาย,45-54,B01,2026-09-07 00:00:00,081-xxx-1981,False
C01718,จิรา,หญิง,18-24,B01,2026-06-09 00:00:00,084-xxx-6742,False
C01719,ปิยะ,หญิง,35-44,B01,2025-10-16 00:00:00,083-xxx-9378,False
C01720,ภัทร,หญิง,25-34,B05,2025-10-31 00:00:00,085-xxx-2047,False
C01721,ศิริ,ชาย,25-34,B04,2026-01-24 00:00:00,081-xxx-7952,False
C01722,อรุณ,ชาย,18-24,B02,2025-11-10 00:00:00,082-xxx-2372,False
C01723,กิตติ,ชาย,25-34,B01,2026-01-11 00:00:00,083-xxx-5546,False
C01724,ปวีณ,หญิง,35-44,B02,2026-06-07 00:00:00,081-xxx-2516,False
C01725,ทิพย์,หญิง,25-34,B02,2025-11-12 00:00:00,089-xxx-6211,False
C01726,ภูมิ,ชาย,18-24,B02,2025-08-17 00:00:00,086-xxx-9763,False
C01727,ธนา,หญิง,35-44,B01,2025-12-28 00:00:00,082-xxx-5056,False
C01728,กมล,หญิง,18-24,B05,2025-10-04 00:00:00,083-xxx-2017,False
C01729,อรุณ,หญิง,35-44,B01,2026-05-27 00:00:00,083-xxx-8491,False
C01730,จิรา,ชาย,25-34,B01,2026-01-03 00:00:00,083-xxx-2247,False
C01731,นภัส,หญิง,25-34,B04,2025-04-10 00:00:00,086-xxx-1133,False
C01732,พิม,หญิง,ต่ำกว่า 18,B01,2025-10-21 00:00:00,082-xxx-5432,False
C01733,สุดา,หญิง,25-34,B01,2026-05-25 00:00:00,082-xxx-2003,False
C01734,นภัส,ชาย,18-24,B01,2026-07-24 00:00:00,085-xxx-7873,False
C01735,พิม,หญิง,ต่ำกว่า 18,B03,2026-08-06 00:00:00,089-xxx-5860,False
C01736,ธนา,ชาย,25-34,B01,2026-08-19 00:00:00,084-xxx-2325,False
C01737,สุดา,หญิง,ต่ำกว่า 18,B03,2026-07-11 00:00:00,087-xxx-9772,False
C01738,วีระ,หญิง,18-24,B03,2026-06-05 00:00:00,082-xxx-8697,False
C01739,สมชาย,หญิง,18-24,B02,2026-01-21 00:00:00,088-xxx-3111,False
C01740,พิม,หญิง,35-44,B01,2026-08-30 00:00:00,081-xxx-9879,False
C01741,ชนา,ไม่ระบุ,18-24,B02,2026-05-21 00:00:00,083-xxx-2065,True
C01742,อัญชลี,ชาย,35-44,B04,2025-12-17 00:00:00,086-xxx-2291,False
C01743,วรรณ,ชาย,25-34,B05,2025-04-29 00:00:00,081-xxx-2249,False
C01744,อรุณ,ชาย,25-34,B01,2026-04-05 00:00:00,084-xxx-7651,False
C01745,กิตติ,หญิง,35-44,B04,2026-08-17 00:00:00,088-xxx-1693,False
C01746,ชนา,ชาย,18-24,B04,2026-06-26 00:00:00,083-xxx-7165,False
C01747,พิม,ชาย,25-34,B05,2025-12-12 00:00:00,085-xxx-6837,False
C01748,ภูมิ,ชาย,18-24,B04,2026-08-29 00:00:00,082-xxx-9072,False
C01749,อัญชลี,ชาย,25-34,B03,2025-12-06 00:00:00,088-xxx-6511,False
C01750,อัญชลี,หญิง,45-54,B02,2026-06-20 00:00:00,081-xxx-8326,False
C01751,กมล,หญิง,35-44,B02,2026-02-24 00:00:00,081-xxx-2126,False
C01752,อัญชลี,ชาย,18-24,B05,2026-02-20 00:00:00,082-xxx-2689,False
C01753,พิม,หญิง,25-34,B01,2025-10-20 00:00:00,087-xxx-7592,False
C01754,ทิพย์,ชาย,35-44,B05,2026-08-18 00:00:00,088-xxx-1058,False
C01755,วรรณ,หญิง,25-34,B03,2026-03-02 00:00:00,081-xxx-9209,False
C01756,จิรา,หญิง,35-44,B02,2026-08-29 00:00:00,087-xxx-8563,False
C01757,อัญชลี,ชาย,18-24,B05,2026-08-17 00:00:00,084-xxx-8385,False
C01758,สุดา,หญิง,25-34,B05,2026-01-08 00:00:00,086-xxx-7127,True
C01759,ศิริ,หญิง,18-24,B01,2025-09-27 00:00:00,088-xxx-6767,False
C01760,ปวีณ,หญิง,25-34,B03,2026-02-08 00:00:00,087-xxx-2029,False
C01761,ศิริ,หญิง,18-24,B01,2026-06-07 00:00:00,089-xxx-1139,False
C01762,อรุณ,ชาย,25-34,B05,2026-03-21 00:00:00,082-xxx-4420,False
C01763,อัญชลี,ชาย,25-34,B02,2026-02-13 00:00:00,081-xxx-2887,False
C01764,ชนา,หญิง,55+,B05,2025-09-22 00:00:00,082-xxx-2047,False
C01765,สมชาย,หญิง,45-54,B03,2026-06-20 00:00:00,086-xxx-6395,False
C01766,กมล,ชาย,25-34,B03,2025-12-30 00:00:00,084-xxx-8035,False
C01767,นภัส,หญิง,18-24,B04,2026-07-16 00:00:00,083-xxx-3833,False
C01768,ชนา,หญิง,25-34,B01,2026-04-04 00:00:00,082-xxx-7231,False
C01769,วีระ,หญิง,35-44,B05,2025-10-22 00:00:00,083-xxx-8520,False
C01770,รัตนา,ชาย,35-44,B02,2025-11-11 00:00:00,082-xxx-8593,False
C01771,มานพ,หญิง,25-34,B02,2026-02-24 00:00:00,082-xxx-1957,False
C01772,สุดา,หญิง,25-34,B05,2026-07-29 00:00:00,086-xxx-7441,False
C01773,อรุณ,หญิง,55+,B02,2026-01-29 00:00:00,082-xxx-9132,False
C01774,อรุณ,หญิง,18-24,B04,2026-09-06 00:00:00,084-xxx-1951,False
C01775,ปวีณ,ชาย,35-44,B05,2025-12-18 00:00:00,081-xxx-1975,False
C01776,สุดา,หญิง,18-24,B03,2026-01-04 00:00:00,087-xxx-5842,False
C01777,มานพ,ชาย,25-34,B01,2025-12-29 00:00:00,089-xxx-8005,False
C01778,พิม,ไม่ระบุ,45-54,B02,2025-09-22 00:00:00,081-xxx-9410,False
C01779,รัตนา,ชาย,45-54,B04,2025-08-09 00:00:00,087-xxx-9420,False
C01780,ภัทร,หญิง,18-24,B04,2025-10-11 00:00:00,082-xxx-1558,False
C01781,ศิริ,หญิง,45-54,B01,2025-04-27 00:00:00,083-xxx-1869,False
C01782,ภัทร,หญิง,25-34,B02,2025-10-18 00:00:00,081-xxx-9799,False
C01783,ภูมิ,หญิง,18-24,B02,2026-02-18 00:00:00,089-xxx-7040,False
C01784,อัญชลี,หญิง,18-24,B02,2026-01-11 00:00:00,082-xxx-2023,False
C01785,ณัฐ,หญิง,25-34,B02,2026-04-10 00:00:00,088-xxx-1445,False
C01786,อัญชลี,ชาย,18-24,B05,2026-09-06 00:00:00,081-xxx-9139,False
C01787,สุดา,ชาย,18-24,B02,2026-04-05 00:00:00,084-xxx-5263,False
C01788,วรรณ,ชาย,45-54,B02,2025-11-12 00:00:00,081-xxx-3166,False
C01789,เกศ,หญิง,18-24,B01,2025-11-11 00:00:00,085-xxx-4727,False
C01790,ชนา,หญิง,45-54,B03,2026-01-08 00:00:00,082-xxx-8047,False
C01791,มานพ,ชาย,25-34,B05,2026-02-22 00:00:00,087-xxx-5087,False
C01792,รัตนา,หญิง,18-24,B02,2025-08-07 00:00:00,083-xxx-6646,False
C01793,ณัฐ,หญิง,45-54,B01,2025-05-18 00:00:00,087-xxx-3972,False
C01794,ภูมิ,ชาย,18-24,B04,2026-04-10 00:00:00,085-xxx-6127,False
C01795,ศิริ,ไม่ระบุ,18-24,B01,2025-06-05 00:00:00,082-xxx-6128,False
C01796,ชนา,ชาย,55+,B02,2025-05-05 00:00:00,082-xxx-9604,False
C01797,จิรา,ชาย,25-34,B01,2025-12-11 00:00:00,088-xxx-1045,False
C01798,นภัส,ชาย,35-44,B02,2026-06-03 00:00:00,087-xxx-1544,False
C01799,ทิพย์,หญิง,35-44,B01,2025-11-07 00:00:00,081-xxx-5915,False
C01800,กมล,ชาย,35-44,B05,2026-04-23 00:00:00,088-xxx-7596,False
C01801,อรุณ,ชาย,25-34,B02,2026-02-16 00:00:00,085-xxx-9047,False
C01802,ภูมิ,หญิง,18-24,B04,2025-07-14 00:00:00,083-xxx-8910,False
C01803,กมล,ไม่ระบุ,25-34,B02,2025-12-12 00:00:00,089-xxx-7445,False
C01804,ชนา,ชาย,25-34,B02,2025-10-10 00:00:00,088-xxx-5123,False
C01805,สมชาย,หญิง,35-44,B04,2025-12-06 00:00:00,086-xxx-3828,False
C01806,ธีร,หญิง,25-34,B03,2026-01-21 00:00:00,089-xxx-4235,False
C01807,พิม,หญิง,25-34,B01,2026-07-15 00:00:00,087-xxx-4213,False
C01808,มานพ,หญิง,55+,B04,2026-05-18 00:00:00,084-xxx-3890,False
C01809,กิตติ,หญิง,25-34,B01,2025-10-24 00:00:00,082-xxx-1984,False
C01810,ภูมิ,หญิง,18-24,B02,2026-01-21 00:00:00,086-xxx-5717,False
C01811,ภูมิ,ชาย,55+,B05,2026-01-20 00:00:00,089-xxx-2281,False
C01812,ศิริ,ชาย,35-44,B02,2026-08-26 00:00:00,084-xxx-1234,False
C01813,ทิพย์,ไม่ระบุ,35-44,B05,2026-04-02 00:00:00,081-xxx-1621,False
C01814,ณัฐ,ชาย,18-24,B01,2026-03-01 00:00:00,085-xxx-9288,False
C01815,พิม,หญิง,35-44,B04,2026-06-27 00:00:00,088-xxx-8637,False
C01816,ภูมิ,ชาย,25-34,B02,2025-06-12 00:00:00,081-xxx-9010,False
C01817,ธีร,หญิง,25-34,B05,2025-06-04 00:00:00,087-xxx-5284,False
C01818,พิม,ไม่ระบุ,25-34,B05,2025-07-20 00:00:00,084-xxx-1186,False
C01819,อรุณ,หญิง,18-24,B01,2025-04-24 00:00:00,088-xxx-2883,False
C01820,รัตนา,หญิง,25-34,B01,2025-09-12 00:00:00,083-xxx-6391,False
C01821,อรุณ,ชาย,25-34,B03,2025-12-31 00:00:00,087-xxx-6227,False
C01822,อัญชลี,หญิง,18-24,B02,2026-01-29 00:00:00,085-xxx-2325,False
C01823,ธนา,หญิง,45-54,B02,2026-02-16 00:00:00,085-xxx-2555,False
C01824,ธนา,หญิง,35-44,B03,2026-08-14 00:00:00,084-xxx-2473,False
C01825,กิตติ,หญิง,ต่ำกว่า 18,B03,2026-03-08 00:00:00,089-xxx-7376,False
C01826,อรุณ,ชาย,18-24,B02,2026-03-17 00:00:00,089-xxx-4016,False
C01827,ธนา,ชาย,55+,B02,2026-01-30 00:00:00,085-xxx-2257,False
C01828,รัตนา,หญิง,18-24,B02,2026-07-31 00:00:00,081-xxx-8586,False
C01829,กิตติ,หญิง,35-44,B05,2026-06-02 00:00:00,087-xxx-5119,False
C01830,กมล,หญิง,25-34,B05,2025-07-13 00:00:00,086-xxx-2042,False
C01831,ชนา,หญิง,45-54,B02,2025-11-14 00:00:00,086-xxx-9991,False
C01832,มานพ,ชาย,25-34,B04,2025-08-30 00:00:00,082-xxx-8849,False
C01833,ปิยะ,หญิง,18-24,B03,2026-02-26 00:00:00,089-xxx-9990,False
C01834,ธีร,หญิง,25-34,B03,2026-05-11 00:00:00,083-xxx-2884,False
C01835,สมชาย,หญิง,35-44,B03,2025-11-08 00:00:00,086-xxx-7696,False
C01836,กิตติ,หญิง,18-24,B02,2025-06-08 00:00:00,089-xxx-9653,False
C01837,อัญชลี,หญิง,18-24,B02,2026-07-28 00:00:00,084-xxx-7032,False
C01838,เกศ,หญิง,18-24,B03,2026-05-24 00:00:00,085-xxx-1017,False
C01839,ภัทร,ชาย,45-54,B01,2026-04-02 00:00:00,083-xxx-1675,False
C01840,วรรณ,หญิง,25-34,B02,2026-07-17 00:00:00,086-xxx-4206,False
C01841,ณัฐ,หญิง,ต่ำกว่า 18,B02,2026-05-01 00:00:00,087-xxx-8263,False
C01842,สุดา,หญิง,45-54,B03,2026-07-22 00:00:00,081-xxx-2702,False
C01843,สมชาย,ชาย,55+,B04,2025-05-13 00:00:00,086-xxx-2404,False
C01844,วีระ,หญิง,35-44,B03,2026-06-08 00:00:00,089-xxx-6285,False
C01845,ทิพย์,ชาย,18-24,B05,2026-07-30 00:00:00,082-xxx-8261,False
C01846,มานพ,ชาย,25-34,B02,2026-04-10 00:00:00,086-xxx-8480,False
C01847,สมชาย,หญิง,45-54,B04,2025-10-20 00:00:00,084-xxx-9678,False
C01848,มานพ,หญิง,35-44,B01,2025-12-01 00:00:00,088-xxx-2114,False
C01849,ทิพย์,ชาย,45-54,B05,2026-07-03 00:00:00,088-xxx-1891,False
C01850,ธีร,ชาย,25-34,B05,2025-04-21 00:00:00,082-xxx-1777,False
C01851,ณัฐ,ชาย,55+,B01,2025-08-27 00:00:00,088-xxx-1525,False
C01852,รัตนา,หญิง,18-24,B05,2026-06-05 00:00:00,087-xxx-9599,False
C01853,รัตนา,ชาย,25-34,B05,2026-08-29 00:00:00,085-xxx-3192,False
C01854,กิตติ,หญิง,45-54,B05,2025-11-25 00:00:00,082-xxx-5840,False
C01855,สุดา,หญิง,35-44,B02,2025-07-25 00:00:00,081-xxx-6719,False
C01856,อรุณ,ชาย,25-34,B01,2025-12-10 00:00:00,081-xxx-9080,False
C01857,อัญชลี,หญิง,25-34,B02,2025-09-20 00:00:00,089-xxx-1673,False
C01858,ชนา,ชาย,25-34,B03,2026-03-21 00:00:00,087-xxx-8298,False
C01859,อัญชลี,หญิง,25-34,B01,2026-05-31 00:00:00,083-xxx-3006,False
C01860,รัตนา,หญิง,18-24,B02,2025-12-27 00:00:00,084-xxx-7196,False
C01861,ปิยะ,หญิง,25-34,B01,2025-10-07 00:00:00,086-xxx-8371,False
C01862,สุดา,หญิง,35-44,B02,2026-03-11 00:00:00,088-xxx-6424,False
C01863,นภัส,หญิง,35-44,B02,2026-04-16 00:00:00,088-xxx-8060,False
C01864,อัญชลี,หญิง,18-24,B01,2025-12-18 00:00:00,082-xxx-3513,False
C01865,พิม,ชาย,25-34,B01,2026-03-01 00:00:00,083-xxx-7237,False
C01866,รัตนา,ชาย,25-34,B02,2025-11-21 00:00:00,087-xxx-8126,False
C01867,รัตนา,ชาย,35-44,B01,2026-09-14 00:00:00,081-xxx-6850,False
C01868,ธนา,หญิง,25-34,B05,2026-01-08 00:00:00,087-xxx-1353,False
C01869,ธีร,หญิง,45-54,B05,2026-02-06 00:00:00,085-xxx-3525,False
C01870,จิรา,ชาย,25-34,B04,2025-10-20 00:00:00,087-xxx-6412,False
C01871,สมชาย,ไม่ระบุ,25-34,B02,2026-02-28 00:00:00,085-xxx-1984,False
C01872,ณัฐ,ชาย,ต่ำกว่า 18,B04,2026-05-27 00:00:00,083-xxx-5711,False
C01873,รัตนา,หญิง,35-44,B04,2026-09-14 00:00:00,087-xxx-1922,False
C01874,ภัทร,ชาย,25-34,B04,2026-06-13 00:00:00,088-xxx-1807,False
C01875,ณัฐ,หญิง,18-24,B04,2026-09-11 00:00:00,088-xxx-6121,False
C01876,มานพ,หญิง,18-24,B02,2025-05-26 00:00:00,086-xxx-6146,False
C01877,ศิริ,หญิง,35-44,B04,2026-08-14 00:00:00,084-xxx-6996,False
C01878,สมชาย,ชาย,25-34,B03,2026-05-15 00:00:00,085-xxx-7143,True
C01879,มานพ,หญิง,45-54,B02,2025-06-25 00:00:00,087-xxx-7397,False
C01880,นภัส,ชาย,18-24,B04,2025-07-05 00:00:00,087-xxx-5971,False
C01881,กมล,หญิง,45-54,B01,2026-07-01 00:00:00,085-xxx-2859,False
C01882,ทิพย์,หญิง,18-24,B05,2025-06-24 00:00:00,088-xxx-6171,False
C01883,รัตนา,ชาย,35-44,B04,2025-08-01 00:00:00,089-xxx-5548,True
C01884,สุดา,หญิง,18-24,B03,2026-02-04 00:00:00,089-xxx-4844,False
C01885,กมล,หญิง,35-44,B02,2026-05-06 00:00:00,086-xxx-2978,False
C01886,ชนา,ชาย,25-34,B01,2025-11-01 00:00:00,081-xxx-3049,False
C01887,กมล,ชาย,18-24,B05,2025-07-31 00:00:00,084-xxx-4849,False
C01888,วรรณ,หญิง,45-54,B02,2025-04-15 00:00:00,082-xxx-8178,False
C01889,ธีร,หญิง,25-34,B02,2025-07-18 00:00:00,082-xxx-4303,False
C01890,วรรณ,ชาย,55+,B03,2026-01-15 00:00:00,085-xxx-6757,False
C01891,รัตนา,ชาย,18-24,B03,2026-07-01 00:00:00,089-xxx-1905,False
C01892,อรุณ,หญิง,18-24,B01,2025-05-15 00:00:00,082-xxx-9690,False
C01893,ชนา,ชาย,35-44,B02,2026-07-20 00:00:00,082-xxx-1687,True
C01894,อรุณ,หญิง,25-34,B05,2025-06-20 00:00:00,089-xxx-8510,False
C01895,จิรา,ชาย,25-34,B04,2025-10-11 00:00:00,089-xxx-1023,False
C01896,สมชาย,ชาย,18-24,B05,2025-09-26 00:00:00,089-xxx-6888,False
C01897,ธนา,หญิง,35-44,B03,2026-07-26 00:00:00,085-xxx-2908,False
C01898,กมล,หญิง,25-34,B03,2026-04-21 00:00:00,088-xxx-3648,False
C01899,ณัฐ,ชาย,25-34,B02,2025-12-23 00:00:00,088-xxx-7057,False
C01900,เกศ,ชาย,35-44,B05,2026-07-13 00:00:00,085-xxx-7374,False
C01901,ปิยะ,ชาย,55+,B02,2025-10-15 00:00:00,082-xxx-3574,False
C01902,มานพ,ชาย,18-24,B05,2026-07-08 00:00:00,085-xxx-1150,False
C01903,สุดา,ชาย,18-24,B04,2025-08-24 00:00:00,087-xxx-2942,False
C01904,ปวีณ,หญิง,45-54,B02,2026-09-05 00:00:00,083-xxx-4911,False
C01905,นภัส,ชาย,25-34,B01,2026-03-25 00:00:00,081-xxx-4977,False
C01906,รัตนา,ชาย,35-44,B02,2026-06-18 00:00:00,086-xxx-4552,False
C01907,ศิริ,หญิง,25-34,B03,2026-03-31 00:00:00,081-xxx-6451,True
C01908,อรุณ,ชาย,25-34,B04,2025-04-19 00:00:00,087-xxx-7729,False
C01909,ทิพย์,หญิง,35-44,B01,2025-11-22 00:00:00,083-xxx-6607,False
C01910,ภัทร,หญิง,35-44,B05,2026-08-09 00:00:00,085-xxx-6304,False
C01911,ภูมิ,หญิง,35-44,B02,2025-05-26 00:00:00,081-xxx-2720,False
C01912,ปวีณ,หญิง,25-34,B04,2025-10-31 00:00:00,081-xxx-2643,False
C01913,ภูมิ,ชาย,18-24,B01,2026-08-23 00:00:00,085-xxx-5568,False
C01914,ธีร,ชาย,25-34,B01,2026-07-13 00:00:00,089-xxx-1834,False
C01915,ภูมิ,หญิง,35-44,B02,2025-08-11 00:00:00,087-xxx-7525,False
C01916,ธีร,ชาย,45-54,B01,2026-07-13 00:00:00,083-xxx-4862,False
C01917,ธีร,หญิง,18-24,B05,2025-09-11 00:00:00,089-xxx-7490,False
C01918,อัญชลี,หญิง,35-44,B03,2025-11-06 00:00:00,087-xxx-4095,False
C01919,ธีร,หญิง,18-24,B05,2025-06-02 00:00:00,082-xxx-9472,False
C01920,อรุณ,หญิง,25-34,B04,2025-12-26 00:00:00,083-xxx-9996,False
C01921,พิม,ชาย,25-34,B02,2026-01-02 00:00:00,086-xxx-4069,False
C01922,นภัส,ชาย,45-54,B02,2026-07-22 00:00:00,083-xxx-8568,False
C01923,นภัส,หญิง,18-24,B03,2026-07-05 00:00:00,088-xxx-3734,False
C01924,สุดา,หญิง,18-24,B05,2026-03-25 00:00:00,082-xxx-7962,False
C01925,อรุณ,ชาย,25-34,B04,2026-07-22 00:00:00,085-xxx-7316,False
C01926,ภัทร,หญิง,18-24,B05,2025-12-23 00:00:00,085-xxx-2428,False
C01927,อัญชลี,ชาย,35-44,B02,2025-08-12 00:00:00,085-xxx-7483,False
C01928,เกศ,หญิง,45-54,B04,2025-05-01 00:00:00,087-xxx-7516,False
C01929,ภัทร,ชาย,35-44,B01,2026-03-10 00:00:00,081-xxx-4845,False
C01930,วีระ,หญิง,45-54,B02,2026-04-22 00:00:00,087-xxx-7520,True
C01931,ทิพย์,หญิง,18-24,B01,2025-08-14 00:00:00,085-xxx-9873,False
C01932,มานพ,หญิง,25-34,B02,2025-08-06 00:00:00,081-xxx-1467,False
C01933,ชนา,ชาย,18-24,B02,2026-01-25 00:00:00,083-xxx-7182,False
C01934,กิตติ,ชาย,35-44,B02,2026-07-24 00:00:00,088-xxx-2171,False
C01935,ทิพย์,หญิง,18-24,B01,2025-05-13 00:00:00,082-xxx-2398,False
C01936,วรรณ,หญิง,18-24,B03,2026-03-19 00:00:00,084-xxx-6835,False
C01937,เกศ,หญิง,25-34,B03,2026-09-03 00:00:00,089-xxx-1299,False
C01938,เกศ,หญิง,35-44,B05,2025-08-22 00:00:00,081-xxx-3031,False
C01939,กิตติ,ชาย,18-24,B03,2026-04-28 00:00:00,086-xxx-1923,False
C01940,อัญชลี,ชาย,25-34,B04,2026-08-26 00:00:00,087-xxx-1790,False
C01941,พิม,หญิง,25-34,B05,2025-11-04 00:00:00,083-xxx-1931,False
C01942,อรุณ,หญิง,18-24,B01,2026-04-03 00:00:00,088-xxx-4551,False
C01943,เกศ,หญิง,18-24,B04,2026-02-04 00:00:00,085-xxx-1219,False
C01944,ชนา,ชาย,25-34,B03,2025-12-18 00:00:00,084-xxx-8652,False
C01945,ปวีณ,หญิง,55+,B04,2026-07-01 00:00:00,085-xxx-3243,False
C01946,พิม,ชาย,35-44,B02,2025-08-28 00:00:00,086-xxx-4764,False
C01947,จิรา,หญิง,25-34,B01,2026-07-05 00:00:00,088-xxx-1866,False
C01948,ปวีณ,หญิง,45-54,B02,2025-09-02 00:00:00,084-xxx-3042,True
C01949,วรรณ,ชาย,25-34,B02,2026-01-25 00:00:00,084-xxx-4873,False
C01950,เกศ,ชาย,25-34,B02,2025-05-20 00:00:00,086-xxx-5034,False
C01951,วรรณ,หญิง,45-54,B01,2026-05-04 00:00:00,087-xxx-5753,False
C01952,ภูมิ,ชาย,45-54,B01,2025-10-17 00:00:00,088-xxx-1981,False
C01953,ภัทร,ชาย,25-34,B05,2026-02-21 00:00:00,085-xxx-5507,False
C01954,ธีร,หญิง,18-24,B01,2025-07-13 00:00:00,088-xxx-5687,False
C01955,จิรา,หญิง,25-34,B02,2026-07-13 00:00:00,085-xxx-1910,False
C01956,จิรา,หญิง,18-24,B02,2026-05-14 00:00:00,081-xxx-1069,False
C01957,ณัฐ,หญิง,55+,B03,2026-06-20 00:00:00,083-xxx-8734,False
C01958,ชนา,ชาย,25-34,B03,2026-01-16 00:00:00,081-xxx-6533,False
C01959,เกศ,หญิง,35-44,B02,2026-01-11 00:00:00,082-xxx-8630,False
C01960,ภูมิ,ชาย,18-24,B02,2026-09-08 00:00:00,088-xxx-2520,False
C01961,ทิพย์,ไม่ระบุ,25-34,B01,2026-03-03 00:00:00,089-xxx-3385,False
C01962,พิม,ชาย,55+,B04,2025-11-09 00:00:00,088-xxx-5478,False
C01963,รัตนา,หญิง,45-54,B02,2025-06-03 00:00:00,083-xxx-6469,False
C01964,ณัฐ,หญิง,25-34,B04,2025-09-19 00:00:00,083-xxx-3207,False
C01965,ชนา,หญิง,55+,B01,2025-07-16 00:00:00,087-xxx-6737,False
C01966,จิรา,ชาย,25-34,B02,2026-08-15 00:00:00,081-xxx-6859,False
C01967,กิตติ,หญิง,35-44,B02,2025-12-15 00:00:00,084-xxx-7247,False
C01968,ทิพย์,หญิง,25-34,B05,2026-06-17 00:00:00,088-xxx-7747,False
C01969,พิม,หญิง,25-34,B05,2025-05-13 00:00:00,082-xxx-8400,False
C01970,นภัส,ชาย,18-24,B01,2025-12-29 00:00:00,081-xxx-1979,False
C01971,ปิยะ,ชาย,ต่ำกว่า 18,B04,2025-10-03 00:00:00,085-xxx-9150,False
C01972,ปิยะ,หญิง,18-24,B01,2025-09-18 00:00:00,085-xxx-6149,False
C01973,ธีร,หญิง,25-34,B02,2026-02-28 00:00:00,085-xxx-7994,False
C01974,เกศ,ชาย,18-24,B01,2026-08-21 00:00:00,085-xxx-6216,False
C01975,กิตติ,ชาย,35-44,B02,2026-03-02 00:00:00,086-xxx-8672,False
C01976,ธีร,ชาย,45-54,B01,2025-11-21 00:00:00,082-xxx-2868,False
C01977,พิม,ไม่ระบุ,25-34,B01,2025-08-03 00:00:00,089-xxx-3884,False
C01978,กมล,ชาย,35-44,B03,2026-05-20 00:00:00,089-xxx-2605,False
C01979,ทิพย์,ชาย,45-54,B02,2026-05-06 00:00:00,082-xxx-4959,False
C01980,สมชาย,หญิง,25-34,B03,2025-12-27 00:00:00,087-xxx-8339,False
C01981,ชนา,ไม่ระบุ,45-54,B05,2025-12-23 00:00:00,087-xxx-6550,False
C01982,กมล,หญิง,45-54,B02,2026-06-23 00:00:00,081-xxx-6853,False
C01983,ทิพย์,หญิง,18-24,B01,2025-05-01 00:00:00,086-xxx-3241,False
C01984,ณัฐ,ชาย,25-34,B02,2025-10-16 00:00:00,083-xxx-2298,False
C01985,ปิยะ,ไม่ระบุ,45-54,B02,2026-05-15 00:00:00,084-xxx-1316,False
C01986,ศิริ,หญิง,35-44,B02,2026-06-18 00:00:00,084-xxx-7373,False
C01987,วรรณ,ชาย,18-24,B01,2026-03-17 00:00:00,082-xxx-3480,False
C01988,กิตติ,หญิง,25-34,B04,2025-08-07 00:00:00,083-xxx-4890,False
C01989,วีระ,หญิง,25-34,B01,2025-04-24 00:00:00,085-xxx-3198,False
C01990,กิตติ,หญิง,18-24,B02,2025-06-22 00:00:00,084-xxx-3313,False
C01991,วรรณ,ชาย,35-44,B01,2026-01-25 00:00:00,084-xxx-3293,False
C01992,ชนา,หญิง,18-24,B04,2025-07-30 00:00:00,081-xxx-3135,False
C01993,ภัทร,หญิง,35-44,B05,2026-06-16 00:00:00,086-xxx-5332,False
C01994,สมชาย,หญิง,25-34,B04,2026-08-02 00:00:00,084-xxx-8767,False
C01995,ชนา,หญิง,25-34,B01,2026-04-29 00:00:00,085-xxx-5057,False
C01996,ธนา,ชาย,18-24,B01,2026-02-14 00:00:00,086-xxx-7412,False
C01997,สมชาย,ชาย,25-34,B01,2025-08-11 00:00:00,084-xxx-2504,False
C01998,ภูมิ,หญิง,55+,B01,2026-01-12 00:00:00,083-xxx-9849,False
C01999,ปวีณ,หญิง,35-44,B01,2026-05-23 00:00:00,081-xxx-3211,False
C02000,วีระ,ชาย,45-54,B05,2025-07-14 00:00:00,087-xxx-3738,False
C02001,ชนา,ชาย,45-54,B02,2026-06-21 00:00:00,086-xxx-5740,False
C02002,มานพ,ไม่ระบุ,35-44,B01,2026-08-04 00:00:00,085-xxx-6421,False
C02003,ชนา,หญิง,18-24,B01,2025-08-27 00:00:00,088-xxx-3289,False
C02004,จิรา,ไม่ระบุ,35-44,B03,2026-07-14 00:00:00,086-xxx-3563,False
C02005,ปิยะ,ชาย,25-34,B05,2026-07-03 00:00:00,084-xxx-6426,False
C02006,ทิพย์,ชาย,35-44,B05,2025-12-31 00:00:00,081-xxx-4965,False
C02007,เกศ,หญิง,25-34,B01,2026-03-10 00:00:00,089-xxx-5861,False
C02008,พิม,ชาย,18-24,B04,2026-04-08 00:00:00,086-xxx-7358,False
C02009,อัญชลี,หญิง,25-34,B05,2025-08-07 00:00:00,083-xxx-5157,False
C02010,ศิริ,ชาย,18-24,B04,2025-05-30 00:00:00,089-xxx-7123,True
C02011,ชนา,หญิง,35-44,B02,2026-03-12 00:00:00,085-xxx-7213,False
C02012,ชนา,ชาย,25-34,B05,2026-06-06 00:00:00,083-xxx-6338,False
C02013,นภัส,หญิง,45-54,B02,2025-12-23 00:00:00,086-xxx-1822,False
C02014,ธนา,หญิง,18-24,B05,2026-04-12 00:00:00,089-xxx-9105,False
C02015,ปวีณ,หญิง,25-34,B02,2025-11-17 00:00:00,084-xxx-6604,False
C02016,นภัส,หญิง,18-24,B02,2025-06-07 00:00:00,085-xxx-8845,False
C02017,พิม,หญิง,18-24,B04,2026-01-28 00:00:00,085-xxx-8168,False
C02018,ภัทร,ชาย,18-24,B04,2025-12-10 00:00:00,082-xxx-6366,False
C02019,สุดา,ชาย,ต่ำกว่า 18,B05,2025-10-23 00:00:00,086-xxx-7073,False
C02020,นภัส,ชาย,18-24,B05,2026-08-24 00:00:00,083-xxx-8972,False
C02021,อัญชลี,ชาย,25-34,B02,2025-06-25 00:00:00,086-xxx-9251,False
C02022,ทิพย์,หญิง,25-34,B02,2025-11-18 00:00:00,081-xxx-7210,False
C02023,ธนา,ชาย,ต่ำกว่า 18,B05,2025-10-03 00:00:00,082-xxx-3670,False
C02024,เกศ,หญิง,18-24,B01,2026-07-24 00:00:00,086-xxx-7165,False
C02025,อัญชลี,ชาย,ต่ำกว่า 18,B02,2025-11-05 00:00:00,083-xxx-3987,False
C02026,ธนา,หญิง,35-44,B05,2026-04-26 00:00:00,083-xxx-8017,False
C02027,พิม,หญิง,18-24,B05,2026-03-04 00:00:00,084-xxx-3954,False
C02028,ณัฐ,ชาย,45-54,B01,2026-05-21 00:00:00,082-xxx-9858,False
C02029,ธนา,ชาย,25-34,B05,2026-05-19 00:00:00,084-xxx-8150,False
C02030,ทิพย์,หญิง,35-44,B03,2026-09-08 00:00:00,082-xxx-9188,False
C02031,ณัฐ,ชาย,35-44,B05,2026-06-15 00:00:00,086-xxx-5653,False
C02032,รัตนา,หญิง,35-44,B01,2026-06-15 00:00:00,088-xxx-6930,False
C02033,กิตติ,หญิง,25-34,B01,2026-05-31 00:00:00,083-xxx-7405,False
C02034,รัตนา,ชาย,25-34,B05,2026-05-20 00:00:00,082-xxx-5167,False
C02035,ศิริ,หญิง,18-24,B02,2026-08-17 00:00:00,087-xxx-8186,False
C02036,ธนา,หญิง,18-24,B01,2026-02-14 00:00:00,087-xxx-6354,False
C02037,ธนา,หญิง,25-34,B05,2025-05-21 00:00:00,086-xxx-8728,False
C02038,มานพ,ชาย,45-54,B05,2026-07-20 00:00:00,087-xxx-7912,False
C02039,ณัฐ,หญิง,18-24,B04,2025-04-12 00:00:00,085-xxx-4536,False
C02040,ธนา,ชาย,45-54,B01,2025-04-02 00:00:00,085-xxx-3451,False
C02041,วีระ,ชาย,25-34,B03,2026-01-18 00:00:00,084-xxx-2272,False
C02042,กมล,หญิง,55+,B04,2025-09-01 00:00:00,087-xxx-7454,False
C02043,จิรา,หญิง,45-54,B01,2025-12-06 00:00:00,084-xxx-1074,False
C02044,ณัฐ,หญิง,18-24,B05,2025-08-10 00:00:00,089-xxx-1272,False
C02045,อรุณ,หญิง,35-44,B01,2025-06-14 00:00:00,083-xxx-9915,False
C02046,ภัทร,หญิง,45-54,B04,2026-06-02 00:00:00,087-xxx-7666,False
C02047,ศิริ,ชาย,25-34,B02,2026-05-28 00:00:00,086-xxx-9146,False
C02048,มานพ,หญิง,25-34,B05,2025-04-07 00:00:00,081-xxx-8826,False
C02049,อรุณ,ชาย,35-44,B03,2026-02-13 00:00:00,085-xxx-4250,False
C02050,วรรณ,ชาย,25-34,B05,2026-08-31 00:00:00,089-xxx-9001,False
C02051,ณัฐ,หญิง,35-44,B01,2025-11-13 00:00:00,085-xxx-7815,False
C02052,สุดา,ชาย,18-24,B03,2026-01-08 00:00:00,084-xxx-2529,False
C02053,จิรา,ชาย,45-54,B02,2026-05-19 00:00:00,086-xxx-3392,False
C02054,ณัฐ,หญิง,18-24,B04,2026-01-06 00:00:00,085-xxx-3973,False
C02055,อรุณ,หญิง,25-34,B02,2025-12-28 00:00:00,087-xxx-5464,False
C02056,ณัฐ,หญิง,35-44,B02,2025-05-14 00:00:00,089-xxx-2821,False
C02057,ภูมิ,ชาย,25-34,B02,2025-04-15 00:00:00,086-xxx-2207,False
C02058,ปิยะ,หญิง,45-54,B03,2025-12-15 00:00:00,089-xxx-9171,False
C02059,ปิยะ,หญิง,25-34,B04,2026-09-11 00:00:00,083-xxx-7455,False
C02060,มานพ,ไม่ระบุ,18-24,B04,2025-08-27 00:00:00,085-xxx-9766,True
C02061,จิรา,ชาย,35-44,B01,2025-06-08 00:00:00,084-xxx-3225,False
C02062,ทิพย์,หญิง,35-44,B05,2026-04-07 00:00:00,087-xxx-8200,False
C02063,ปิยะ,ชาย,18-24,B05,2025-09-20 00:00:00,089-xxx-4567,False
C02064,ทิพย์,ชาย,18-24,B04,2025-04-19 00:00:00,083-xxx-6226,False
C02065,กมล,ชาย,25-34,B05,2025-06-03 00:00:00,089-xxx-8080,False
C02066,ธีร,หญิง,25-34,B01,2026-05-18 00:00:00,082-xxx-9374,False
C02067,ทิพย์,ชาย,45-54,B05,2025-10-11 00:00:00,081-xxx-6637,False
C02068,นภัส,ชาย,45-54,B02,2025-11-17 00:00:00,089-xxx-1256,False
C02069,พิม,หญิง,25-34,B01,2025-04-15 00:00:00,088-xxx-9131,False
C02070,กมล,หญิง,55+,B02,2025-11-19 00:00:00,083-xxx-7994,False
C02071,ภูมิ,หญิง,25-34,B05,2026-06-05 00:00:00,089-xxx-5088,False
C02072,นภัส,หญิง,25-34,B03,2026-03-11 00:00:00,084-xxx-5213,False
C02073,วรรณ,หญิง,18-24,B05,2025-11-22 00:00:00,086-xxx-2887,False
C02074,สุดา,หญิง,18-24,B03,2025-11-12 00:00:00,087-xxx-3216,False
C02075,พิม,ชาย,18-24,B04,2026-02-16 00:00:00,082-xxx-7907,False
C02076,พิม,ชาย,ต่ำกว่า 18,B05,2025-12-03 00:00:00,089-xxx-4319,False
C02077,ธนา,หญิง,18-24,B04,2025-12-06 00:00:00,088-xxx-4575,False
C02078,ปวีณ,หญิง,55+,B02,2026-08-07 00:00:00,086-xxx-3783,False
C02079,ธนา,ชาย,18-24,B03,2026-06-06 00:00:00,084-xxx-2091,False
C02080,วรรณ,หญิง,45-54,B05,2026-03-15 00:00:00,084-xxx-4029,False
C02081,ปิยะ,หญิง,45-54,B02,2026-08-01 00:00:00,084-xxx-2701,True
C02082,วรรณ,หญิง,25-34,B02,2026-01-24 00:00:00,085-xxx-5702,False
C02083,ณัฐ,หญิง,25-34,B01,2026-08-09 00:00:00,087-xxx-5669,False
C02084,ณัฐ,หญิง,35-44,B01,2026-02-15 00:00:00,089-xxx-9344,False
C02085,ภูมิ,หญิง,18-24,B01,2025-06-02 00:00:00,083-xxx-3286,False
C02086,ธนา,ชาย,18-24,B01,2025-10-15 00:00:00,088-xxx-3037,False
C02087,รัตนา,หญิง,ต่ำกว่า 18,B03,2026-07-20 00:00:00,085-xxx-2711,False
C02088,อรุณ,ชาย,18-24,B04,2025-05-31 00:00:00,084-xxx-5534,False
C02089,ธนา,หญิง,25-34,B02,2025-04-11 00:00:00,084-xxx-5507,False
C02090,ธนา,ชาย,18-24,B04,2026-03-18 00:00:00,088-xxx-1096,False
C02091,ภูมิ,ชาย,45-54,B05,2025-12-01 00:00:00,083-xxx-7429,False
C02092,ปวีณ,ชาย,35-44,B01,2025-06-27 00:00:00,086-xxx-5030,False
C02093,นภัส,ชาย,25-34,B04,2025-04-26 00:00:00,089-xxx-1952,False
C02094,อรุณ,หญิง,35-44,B01,2026-07-16 00:00:00,088-xxx-5887,False
C02095,จิรา,หญิง,35-44,B02,2026-06-14 00:00:00,088-xxx-8884,False
C02096,พิม,ไม่ระบุ,35-44,B05,2026-07-07 00:00:00,085-xxx-4922,False
C02097,ธีร,หญิง,55+,B02,2026-06-09 00:00:00,085-xxx-9736,False
C02098,มานพ,หญิง,18-24,B02,2025-05-15 00:00:00,087-xxx-1627,False
C02099,กมล,ชาย,25-34,B02,2026-03-06 00:00:00,086-xxx-8056,False
C02100,กิตติ,หญิง,25-34,B05,2025-06-15 00:00:00,086-xxx-5790,False
C02101,สุดา,หญิง,ต่ำกว่า 18,B04,2025-06-15 00:00:00,087-xxx-6650,False
C02102,ปวีณ,หญิง,35-44,B04,2026-05-10 00:00:00,087-xxx-7035,False
C02103,วีระ,หญิง,18-24,B05,2025-06-22 00:00:00,083-xxx-1681,False
C02104,วรรณ,ชาย,18-24,B04,2026-06-07 00:00:00,089-xxx-3653,False
C02105,ณัฐ,หญิง,35-44,B04,2026-08-16 00:00:00,088-xxx-1282,False
C02106,พิม,ชาย,45-54,B04,2026-08-25 00:00:00,087-xxx-8473,False
C02107,ศิริ,ชาย,35-44,B01,2026-06-03 00:00:00,084-xxx-6295,False
C02108,ธีร,หญิง,45-54,B05,2026-05-05 00:00:00,088-xxx-6242,False
C02109,จิรา,ชาย,25-34,B01,2026-08-27 00:00:00,081-xxx-5910,False
C02110,ณัฐ,ชาย,25-34,B05,2025-12-04 00:00:00,087-xxx-1145,False
C02111,ปิยะ,ชาย,18-24,B01,2025-08-11 00:00:00,088-xxx-3526,False
C02112,ทิพย์,ชาย,18-24,B02,2025-09-20 00:00:00,087-xxx-5395,False
C02113,พิม,ชาย,18-24,B01,2025-08-11 00:00:00,081-xxx-2374,False
C02114,ศิริ,หญิง,18-24,B04,2025-06-16 00:00:00,081-xxx-3926,False
C02115,ภัทร,ชาย,45-54,B04,2025-09-09 00:00:00,089-xxx-7088,False
C02116,จิรา,หญิง,ต่ำกว่า 18,B05,2025-08-20 00:00:00,088-xxx-2967,False
C02117,มานพ,หญิง,25-34,B02,2026-05-01 00:00:00,083-xxx-6824,False
C02118,ธนา,หญิง,55+,B03,2026-07-14 00:00:00,089-xxx-1783,False
C02119,กิตติ,หญิง,45-54,B01,2026-04-04 00:00:00,089-xxx-2894,True
C02120,มานพ,ไม่ระบุ,18-24,B02,2026-08-25 00:00:00,084-xxx-2443,False
C02121,ภัทร,หญิง,35-44,B03,2025-11-26 00:00:00,082-xxx-1749,False
C02122,เกศ,หญิง,45-54,B05,2026-02-04 00:00:00,083-xxx-2731,False
C02123,ปวีณ,ชาย,18-24,B01,2026-07-16 00:00:00,084-xxx-3030,False
C02124,วีระ,ชาย,18-24,B02,2025-09-29 00:00:00,086-xxx-7498,False
C02125,ทิพย์,หญิง,35-44,B01,2026-04-18 00:00:00,084-xxx-6176,False
C02126,ภัทร,ชาย,35-44,B02,2025-05-18 00:00:00,087-xxx-4262,False
C02127,ปวีณ,หญิง,45-54,B01,2026-06-15 00:00:00,086-xxx-4821,False
C02128,อรุณ,ชาย,25-34,B01,2026-05-16 00:00:00,089-xxx-9779,False
C02129,ภัทร,หญิง,18-24,B05,2026-03-08 00:00:00,087-xxx-3222,False
C02130,ปิยะ,หญิง,55+,B01,2025-05-17 00:00:00,085-xxx-5140,False
C02131,พิม,ไม่ระบุ,18-24,B01,2025-04-13 00:00:00,086-xxx-6022,False
C02132,เกศ,ไม่ระบุ,35-44,B03,2026-01-30 00:00:00,089-xxx-2197,False
C02133,อรุณ,ชาย,45-54,B05,2025-08-13 00:00:00,081-xxx-5016,False
C02134,อรุณ,หญิง,25-34,B02,2025-08-12 00:00:00,086-xxx-2227,False
C02135,มานพ,ชาย,25-34,B05,2026-08-07 00:00:00,086-xxx-2540,False
C02136,ณัฐ,หญิง,18-24,B03,2026-04-15 00:00:00,089-xxx-4458,False
C02137,ศิริ,หญิง,18-24,B02,2026-08-17 00:00:00,082-xxx-1725,False
C02138,มานพ,หญิง,18-24,B05,2025-05-15 00:00:00,086-xxx-2400,False
C02139,สมชาย,หญิง,35-44,B02,2026-04-24 00:00:00,084-xxx-5267,False
C02140,กมล,หญิง,18-24,B01,2025-08-07 00:00:00,087-xxx-6870,False
C02141,ปิยะ,หญิง,25-34,B02,2025-07-19 00:00:00,082-xxx-2202,False
C02142,ธีร,หญิง,25-34,B01,2026-08-14 00:00:00,088-xxx-6564,False
C02143,กมล,ชาย,45-54,B01,2026-05-16 00:00:00,089-xxx-2612,False
C02144,สุดา,ชาย,25-34,B01,2026-06-14 00:00:00,087-xxx-9960,False
C02145,อัญชลี,ชาย,25-34,B01,2026-05-17 00:00:00,089-xxx-7202,False
C02146,กมล,ชาย,35-44,B02,2025-08-02 00:00:00,082-xxx-4443,False
C02147,ศิริ,หญิง,18-24,B03,2026-08-08 00:00:00,084-xxx-7342,False
C02148,วีระ,ไม่ระบุ,35-44,B04,2026-07-05 00:00:00,082-xxx-4553,False
C02149,ภัทร,ชาย,18-24,B05,2026-06-03 00:00:00,088-xxx-3154,False
C02150,ภัทร,หญิง,18-24,B01,2025-04-21 00:00:00,082-xxx-9358,False
C02151,กมล,ชาย,55+,B01,2026-09-13 00:00:00,088-xxx-7989,False
C02152,ภูมิ,หญิง,25-34,B02,2026-07-27 00:00:00,084-xxx-5468,False
C02153,มานพ,หญิง,25-34,B05,2026-04-12 00:00:00,086-xxx-8001,False
C02154,ธนา,หญิง,18-24,B02,2026-04-08 00:00:00,089-xxx-8541,False
C02155,สมชาย,หญิง,18-24,B03,2026-04-13 00:00:00,084-xxx-2003,False
C02156,นภัส,หญิง,45-54,B01,2025-08-30 00:00:00,086-xxx-3913,False
C02157,มานพ,ไม่ระบุ,45-54,B05,2026-05-27 00:00:00,082-xxx-4704,False
C02158,กิตติ,ชาย,25-34,B04,2025-07-15 00:00:00,086-xxx-4247,False
C02159,กิตติ,หญิง,18-24,B03,2026-02-24 00:00:00,089-xxx-3665,False
C02160,ชนา,ชาย,55+,B02,2025-11-09 00:00:00,089-xxx-8328,False
C02161,อัญชลี,หญิง,35-44,B05,2026-03-03 00:00:00,083-xxx-8468,False
C02162,กิตติ,หญิง,18-24,B05,2025-09-14 00:00:00,087-xxx-9773,False
C02163,ณัฐ,หญิง,35-44,B04,2025-10-28 00:00:00,083-xxx-1414,False
C02164,ธีร,หญิง,25-34,B03,2026-08-22 00:00:00,082-xxx-3817,False
C02165,นภัส,ชาย,ต่ำกว่า 18,B05,2026-09-06 00:00:00,084-xxx-3852,False
C02166,วรรณ,ชาย,18-24,B05,2025-12-21 00:00:00,083-xxx-5871,False
C02167,กิตติ,หญิง,25-34,B01,2026-04-01 00:00:00,085-xxx-1069,False
C02168,กมล,หญิง,25-34,B05,2025-10-27 00:00:00,083-xxx-7695,False
C02169,นภัส,หญิง,55+,B04,2026-05-31 00:00:00,088-xxx-8085,False
C02170,มานพ,หญิง,25-34,B05,2026-04-23 00:00:00,081-xxx-1176,False
C02171,ธีร,หญิง,25-34,B03,2025-11-13 00:00:00,088-xxx-8496,False
C02172,ปิยะ,ชาย,45-54,B05,2025-09-17 00:00:00,088-xxx-7144,False
C02173,ศิริ,หญิง,25-34,B04,2025-12-10 00:00:00,087-xxx-4087,False
C02174,กิตติ,ชาย,25-34,B03,2026-04-10 00:00:00,082-xxx-1388,False
C02175,วีระ,หญิง,18-24,B05,2025-06-23 00:00:00,087-xxx-5775,False
C02176,จิรา,หญิง,35-44,B01,2026-05-02 00:00:00,081-xxx-4157,False
C02177,อรุณ,ชาย,35-44,B02,2025-06-25 00:00:00,081-xxx-7130,False
C02178,ชนา,ชาย,25-34,B04,2025-09-22 00:00:00,087-xxx-3196,False
C02179,อัญชลี,หญิง,25-34,B01,2025-06-24 00:00:00,081-xxx-5843,True
C02180,เกศ,หญิง,25-34,B02,2025-09-10 00:00:00,082-xxx-7339,False
C02181,พิม,ชาย,35-44,B03,2026-05-13 00:00:00,085-xxx-5665,False
C02182,ศิริ,หญิง,35-44,B05,2026-03-31 00:00:00,082-xxx-8524,False
C02183,ชนา,หญิง,45-54,B04,2026-05-27 00:00:00,088-xxx-9312,False
C02184,กมล,หญิง,25-34,B05,2025-12-22 00:00:00,089-xxx-5062,False
C02185,จิรา,หญิง,35-44,B05,2025-07-08 00:00:00,088-xxx-6227,False
C02186,สมชาย,ชาย,25-34,B04,2025-09-23 00:00:00,088-xxx-1516,False
C02187,สมชาย,ชาย,35-44,B04,2026-09-07 00:00:00,083-xxx-6770,False
C02188,ทิพย์,ชาย,25-34,B02,2026-05-12 00:00:00,082-xxx-5657,False
C02189,ปวีณ,หญิง,25-34,B05,2025-07-28 00:00:00,084-xxx-2943,False
C02190,นภัส,ชาย,25-34,B01,2025-06-17 00:00:00,087-xxx-8333,False
C02191,ชนา,ชาย,25-34,B04,2026-04-01 00:00:00,083-xxx-1052,False
C02192,วรรณ,ชาย,18-24,B01,2025-07-16 00:00:00,084-xxx-4524,True
C02193,เกศ,ไม่ระบุ,45-54,B03,2026-06-06 00:00:00,089-xxx-1611,False
C02194,ธีร,หญิง,25-34,B05,2025-10-02 00:00:00,084-xxx-7771,False
C02195,นภัส,หญิง,45-54,B05,2025-05-21 00:00:00,085-xxx-7150,False
C02196,ศิริ,ชาย,35-44,B02,2026-04-08 00:00:00,081-xxx-3497,False
C02197,ปิยะ,หญิง,35-44,B04,2026-03-25 00:00:00,083-xxx-3402,False
C02198,ปวีณ,ชาย,25-34,B01,2025-06-04 00:00:00,083-xxx-2396,False
C02199,วีระ,ชาย,35-44,B05,2026-05-21 00:00:00,084-xxx-5831,False
C02200,ธนา,ชาย,35-44,B05,2025-08-27 00:00:00,086-xxx-5349,False
C02201,สมชาย,หญิง,25-34,B05,2025-12-17 00:00:00,083-xxx-7845,False
C02202,ภัทร,ชาย,ต่ำกว่า 18,B04,2026-01-20 00:00:00,084-xxx-1565,False
C02203,ปวีณ,หญิง,25-34,B03,2025-11-13 00:00:00,081-xxx-3260,False
C02204,ธนา,หญิง,25-34,B02,2025-04-01 00:00:00,085-xxx-3373,False
C02205,ปิยะ,ชาย,55+,B02,2025-09-27 00:00:00,084-xxx-9156,False
C02206,เกศ,หญิง,25-34,B01,2026-03-07 00:00:00,085-xxx-2155,False
C02207,ทิพย์,ชาย,35-44,B02,2025-04-14 00:00:00,081-xxx-4308,True
C02208,ศิริ,หญิง,18-24,B03,2026-03-16 00:00:00,088-xxx-1259,False
C02209,ทิพย์,หญิง,55+,B04,2025-06-11 00:00:00,089-xxx-8534,False
C02210,เกศ,ชาย,55+,B04,2026-04-26 00:00:00,087-xxx-9071,False
C02211,ภูมิ,ชาย,25-34,B05,2026-03-17 00:00:00,083-xxx-2411,False
C02212,ศิริ,หญิง,55+,B04,2026-06-04 00:00:00,081-xxx-7638,False
C02213,รัตนา,หญิง,25-34,B04,2026-06-28 00:00:00,085-xxx-6259,False
C02214,ศิริ,หญิง,ต่ำกว่า 18,B03,2026-07-29 00:00:00,087-xxx-3597,False
C02215,ธนา,หญิง,45-54,B02,2025-05-16 00:00:00,087-xxx-6322,False
C02216,เกศ,หญิง,18-24,B04,2026-03-26 00:00:00,085-xxx-7239,False
C02217,ภูมิ,ชาย,25-34,B05,2025-07-07 00:00:00,081-xxx-3264,False
C02218,ศิริ,ชาย,45-54,B05,2025-10-02 00:00:00,087-xxx-3835,False
C02219,นภัส,หญิง,18-24,B02,2026-09-08 00:00:00,087-xxx-2577,False
C02220,ปวีณ,หญิง,25-34,B04,2025-11-17 00:00:00,084-xxx-1286,False
C02221,ปิยะ,หญิง,25-34,B01,2026-04-07 00:00:00,086-xxx-1789,False
C02222,วรรณ,หญิง,25-34,B02,2026-08-25 00:00:00,087-xxx-9979,False
C02223,จิรา,ชาย,25-34,B03,2026-08-05 00:00:00,086-xxx-8553,False
C02224,ทิพย์,หญิง,25-34,B05,2025-12-14 00:00:00,087-xxx-4221,False
C02225,ธนา,หญิง,25-34,B05,2025-07-23 00:00:00,088-xxx-6044,False
C02226,สมชาย,ชาย,35-44,B01,2026-05-25 00:00:00,089-xxx-3064,False
C02227,ภัทร,ชาย,55+,B05,2025-11-23 00:00:00,084-xxx-3260,False
C02228,รัตนา,หญิง,45-54,B05,2026-01-08 00:00:00,084-xxx-5853,False
C02229,ทิพย์,หญิง,25-34,B05,2026-06-14 00:00:00,086-xxx-7038,False
C02230,สุดา,หญิง,18-24,B02,2026-03-16 00:00:00,085-xxx-4984,False
C02231,ณัฐ,ชาย,25-34,B04,2026-07-08 00:00:00,082-xxx-6980,False
C02232,นภัส,หญิง,35-44,B04,2026-03-10 00:00:00,084-xxx-5885,False
C02233,ณัฐ,หญิง,35-44,B03,2026-03-23 00:00:00,089-xxx-9703,False
C02234,รัตนา,ชาย,18-24,B01,2025-10-28 00:00:00,085-xxx-1874,False
C02235,กมล,หญิง,55+,B02,2025-08-15 00:00:00,087-xxx-2333,False
C02236,อัญชลี,หญิง,25-34,B05,2025-10-06 00:00:00,082-xxx-4498,False
C02237,ปิยะ,หญิง,18-24,B02,2025-07-27 00:00:00,086-xxx-4358,False
C02238,วีระ,หญิง,25-34,B01,2026-04-18 00:00:00,088-xxx-7260,False
C02239,สมชาย,หญิง,25-34,B01,2025-12-31 00:00:00,088-xxx-7151,False
C02240,อัญชลี,ชาย,35-44,B04,2025-06-02 00:00:00,084-xxx-7249,False
C02241,จิรา,ชาย,35-44,B05,2026-01-03 00:00:00,081-xxx-5544,False
C02242,ธนา,ไม่ระบุ,45-54,B01,2026-07-05 00:00:00,088-xxx-1194,False
C02243,ภูมิ,หญิง,35-44,B02,2025-07-28 00:00:00,081-xxx-8912,False
C02244,กมล,ไม่ระบุ,55+,B02,2025-05-04 00:00:00,086-xxx-9965,False
C02245,กิตติ,ชาย,18-24,B02,2026-09-03 00:00:00,085-xxx-1660,False
C02246,กมล,หญิง,25-34,B01,2026-01-12 00:00:00,083-xxx-9260,False
C02247,จิรา,ชาย,25-34,B05,2026-03-16 00:00:00,083-xxx-4319,False
C02248,อัญชลี,ชาย,35-44,B02,2026-03-15 00:00:00,081-xxx-4308,True
C02249,ณัฐ,หญิง,35-44,B04,2025-05-29 00:00:00,082-xxx-5093,False
C02250,กมล,ชาย,25-34,B05,2025-08-24 00:00:00,086-xxx-6113,False
C02251,วรรณ,ชาย,35-44,B02,2026-01-31 00:00:00,081-xxx-9881,False
C02252,วรรณ,หญิง,25-34,B01,2025-09-17 00:00:00,086-xxx-1526,False
C02253,เกศ,ชาย,45-54,B05,2026-01-28 00:00:00,089-xxx-2773,False
C02254,รัตนา,หญิง,25-34,B05,2026-01-23 00:00:00,089-xxx-7522,False
C02255,ศิริ,หญิง,25-34,B01,2025-08-20 00:00:00,083-xxx-7272,False
C02256,กิตติ,หญิง,25-34,B02,2025-09-29 00:00:00,082-xxx-5978,False
C02257,ปวีณ,หญิง,25-34,B05,2026-01-04 00:00:00,084-xxx-6300,False
C02258,นภัส,หญิง,25-34,B01,2026-01-03 00:00:00,083-xxx-6295,False
C02259,วีระ,หญิง,35-44,B03,2025-11-29 00:00:00,086-xxx-9768,False
C02260,สุดา,หญิง,25-34,B03,2025-12-29 00:00:00,089-xxx-3340,False
C02261,เกศ,หญิง,25-34,B02,2025-04-10 00:00:00,082-xxx-1753,False
C02262,ธีร,หญิง,18-24,B05,2025-04-26 00:00:00,087-xxx-7520,True
C02263,เกศ,ชาย,35-44,B03,2026-06-30 00:00:00,081-xxx-9821,False
C02264,อรุณ,ชาย,55+,B05,2025-11-17 00:00:00,087-xxx-1832,False
C02265,รัตนา,หญิง,35-44,B04,2026-04-13 00:00:00,083-xxx-3066,False
C02266,มานพ,หญิง,45-54,B02,2026-08-22 00:00:00,087-xxx-2695,False
C02267,ปิยะ,ชาย,25-34,B01,2025-05-04 00:00:00,082-xxx-5499,False
C02268,ศิริ,หญิง,45-54,B04,2025-09-21 00:00:00,088-xxx-4182,False
C02269,จิรา,ชาย,18-24,B02,2026-03-28 00:00:00,086-xxx-2639,False
C02270,นภัส,ชาย,55+,B03,2026-01-13 00:00:00,086-xxx-4680,False
C02271,ทิพย์,ชาย,45-54,B01,2025-09-07 00:00:00,083-xxx-2390,False
C02272,ณัฐ,ไม่ระบุ,55+,B05,2025-07-15 00:00:00,089-xxx-8833,False
C02273,รัตนา,หญิง,25-34,B05,2025-08-07 00:00:00,087-xxx-9970,False
C02274,ปิยะ,หญิง,ต่ำกว่า 18,B05,2025-07-27 00:00:00,081-xxx-1816,False
C02275,ศิริ,ไม่ระบุ,35-44,B04,2026-01-26 00:00:00,086-xxx-7092,False
C02276,กมล,ชาย,18-24,B01,2026-08-17 00:00:00,084-xxx-2691,False
C02277,ทิพย์,หญิง,35-44,B05,2026-08-24 00:00:00,084-xxx-2819,False
C02278,วีระ,ชาย,25-34,B01,2026-05-14 00:00:00,087-xxx-5492,False
C02279,นภัส,ชาย,18-24,B02,2026-07-14 00:00:00,088-xxx-8893,False
C02280,รัตนา,ชาย,25-34,B02,2025-09-15 00:00:00,084-xxx-1434,False
C02281,กมล,หญิง,18-24,B03,2026-03-08 00:00:00,084-xxx-9547,False
C02282,ปวีณ,หญิง,25-34,B02,2025-05-08 00:00:00,082-xxx-4357,True
C02283,กมล,ชาย,18-24,B02,2025-12-28 00:00:00,082-xxx-6913,False
C02284,อรุณ,หญิง,18-24,B04,2025-04-18 00:00:00,089-xxx-1389,False
C02285,ปิยะ,ชาย,ต่ำกว่า 18,B03,2025-11-01 00:00:00,087-xxx-6734,False
C02286,สุดา,ชาย,35-44,B01,2025-07-02 00:00:00,081-xxx-3078,False
C02287,นภัส,ชาย,35-44,B01,2026-04-11 00:00:00,082-xxx-3706,True
C02288,ณัฐ,หญิง,25-34,B01,2026-08-09 00:00:00,084-xxx-4975,False
C02289,จิรา,ชาย,25-34,B05,2026-06-03 00:00:00,089-xxx-6549,False
C02290,ณัฐ,ชาย,35-44,B02,2025-04-13 00:00:00,083-xxx-6792,False
C02291,ธนา,หญิง,55+,B05,2026-07-05 00:00:00,084-xxx-8292,False
C02292,ปวีณ,หญิง,45-54,B03,2026-02-27 00:00:00,084-xxx-2022,False
C02293,ศิริ,ชาย,25-34,B03,2026-03-28 00:00:00,085-xxx-4015,False
C02294,อรุณ,หญิง,55+,B01,2025-05-24 00:00:00,084-xxx-6990,False
C02295,อัญชลี,หญิง,35-44,B01,2026-06-13 00:00:00,083-xxx-4382,False
C02296,นภัส,หญิง,25-34,B03,2026-02-02 00:00:00,083-xxx-9170,False
C02297,ทิพย์,ชาย,35-44,B01,2026-01-31 00:00:00,081-xxx-9597,False
C02298,วีระ,ชาย,35-44,B05,2026-05-22 00:00:00,081-xxx-9073,False
C02299,นภัส,ชาย,55+,B04,2025-09-12 00:00:00,088-xxx-8137,False
C02300,ภัทร,หญิง,25-34,B01,2025-09-15 00:00:00,086-xxx-7124,False
C02301,กิตติ,หญิง,25-34,B02,2026-04-09 00:00:00,088-xxx-7052,False
C02302,อรุณ,ชาย,ต่ำกว่า 18,B04,2025-08-16 00:00:00,086-xxx-1722,False
C02303,ชนา,ชาย,25-34,B04,2025-12-15 00:00:00,089-xxx-2714,False
C02304,วรรณ,ชาย,18-24,B04,2026-02-12 00:00:00,082-xxx-9312,False
C02305,ศิริ,หญิง,35-44,B05,2025-06-17 00:00:00,088-xxx-5894,False
C02306,มานพ,หญิง,45-54,B01,2026-03-24 00:00:00,083-xxx-7349,False
C02307,ภูมิ,ชาย,45-54,B05,2025-04-27 00:00:00,083-xxx-4269,False
C02308,นภัส,หญิง,18-24,B03,2026-01-12 00:00:00,082-xxx-1494,False
C02309,กิตติ,หญิง,25-34,B05,2025-06-27 00:00:00,085-xxx-3028,False
C02310,กิตติ,หญิง,35-44,B01,2025-07-13 00:00:00,089-xxx-5574,False
C02311,ณัฐ,ชาย,18-24,B01,2025-06-23 00:00:00,081-xxx-2060,False
C02312,พิม,หญิง,25-34,B05,2026-01-29 00:00:00,084-xxx-9358,False
C02313,อรุณ,ชาย,25-34,B04,2025-07-02 00:00:00,086-xxx-1517,False
C02314,เกศ,หญิง,18-24,B02,2026-02-28 00:00:00,082-xxx-4989,False
C02315,สุดา,ชาย,25-34,B02,2026-03-16 00:00:00,084-xxx-6577,False
C02316,กมล,ไม่ระบุ,45-54,B05,2025-05-30 00:00:00,082-xxx-9605,False
C02317,ณัฐ,หญิง,18-24,B04,2025-05-04 00:00:00,084-xxx-8225,False
C02318,เกศ,หญิง,55+,B04,2026-04-05 00:00:00,086-xxx-2064,False
C02319,ทิพย์,หญิง,35-44,B05,2026-04-01 00:00:00,087-xxx-6082,False
C02320,ณัฐ,ชาย,55+,B05,2025-06-23 00:00:00,081-xxx-7178,False
C02321,ธีร,ชาย,25-34,B03,2026-05-06 00:00:00,089-xxx-1255,False
C02322,อรุณ,หญิง,35-44,B05,2025-05-25 00:00:00,086-xxx-9381,False
C02323,เกศ,หญิง,45-54,B04,2025-11-05 00:00:00,088-xxx-6124,False
C02324,มานพ,หญิง,18-24,B03,2026-06-24 00:00:00,088-xxx-6284,False
C02325,พิม,หญิง,45-54,B01,2025-11-01 00:00:00,089-xxx-8452,False
C02326,เกศ,ชาย,18-24,B04,2026-02-17 00:00:00,088-xxx-6990,False
C02327,ทิพย์,หญิง,35-44,B04,2026-06-29 00:00:00,081-xxx-8179,False
C02328,มานพ,ชาย,25-34,B01,2025-09-09 00:00:00,089-xxx-3346,False
C02329,พิม,หญิง,55+,B05,2026-04-11 00:00:00,083-xxx-9405,False
C02330,รัตนา,หญิง,25-34,B05,2025-04-04 00:00:00,087-xxx-9704,False
C02331,กมล,ชาย,35-44,B05,2026-03-13 00:00:00,082-xxx-5010,False
C02332,ปวีณ,ชาย,25-34,B03,2026-02-02 00:00:00,081-xxx-2882,False
C02333,ชนา,ชาย,25-34,B05,2025-11-11 00:00:00,089-xxx-5909,False
C02334,วรรณ,ชาย,35-44,B01,2026-04-03 00:00:00,085-xxx-9424,False
C02335,วรรณ,ไม่ระบุ,18-24,B05,2025-07-03 00:00:00,082-xxx-8587,False
C02336,รัตนา,ชาย,18-24,B01,2025-04-17 00:00:00,087-xxx-9622,False
C02337,สุดา,ชาย,25-34,B02,2026-01-05 00:00:00,084-xxx-1106,False
C02338,พิม,หญิง,35-44,B01,2026-08-25 00:00:00,087-xxx-4701,False
C02339,ธีร,หญิง,25-34,B02,2025-12-08 00:00:00,082-xxx-3607,False
C02340,กิตติ,หญิง,18-24,B01,2026-01-06 00:00:00,082-xxx-3457,False
C02341,อัญชลี,หญิง,45-54,B03,2026-06-04 00:00:00,088-xxx-3207,False
C02342,สุดา,ชาย,25-34,B02,2026-04-16 00:00:00,087-xxx-4076,False
C02343,ณัฐ,หญิง,18-24,B03,2026-03-13 00:00:00,082-xxx-7135,False
C02344,ภัทร,ชาย,35-44,B04,2025-08-23 00:00:00,088-xxx-7980,False
C02345,อัญชลี,ไม่ระบุ,35-44,B01,2026-06-14 00:00:00,087-xxx-2615,False
C02346,รัตนา,หญิง,18-24,B05,2025-11-06 00:00:00,081-xxx-6912,False
C02347,ธีร,ชาย,35-44,B02,2025-12-28 00:00:00,081-xxx-7043,False
C02348,อัญชลี,หญิง,25-34,B03,2026-01-01 00:00:00,084-xxx-9536,False
C02349,ธนา,หญิง,25-34,B05,2025-04-09 00:00:00,081-xxx-3701,False
C02350,กมล,หญิง,35-44,B02,2026-01-05 00:00:00,089-xxx-8013,False
C02351,กิตติ,หญิง,25-34,B05,2025-05-30 00:00:00,082-xxx-3621,False
C02352,ชนา,หญิง,35-44,B05,2026-09-13 00:00:00,087-xxx-1890,False
C02353,อรุณ,หญิง,55+,B05,2026-08-12 00:00:00,082-xxx-2375,False
C02354,กมล,ชาย,18-24,B05,2025-07-27 00:00:00,083-xxx-1825,False
C02355,นภัส,ชาย,18-24,B05,2026-07-24 00:00:00,083-xxx-3428,False
C02356,พิม,ไม่ระบุ,35-44,B01,2025-07-28 00:00:00,086-xxx-7627,False
C02357,ณัฐ,ชาย,35-44,B05,2026-06-25 00:00:00,088-xxx-6908,False
C02358,อรุณ,ชาย,18-24,B01,2025-04-07 00:00:00,086-xxx-9585,False
C02359,รัตนา,ชาย,25-34,B01,2025-08-14 00:00:00,086-xxx-2440,False
C02360,ธนา,ชาย,25-34,B01,2026-02-27 00:00:00,088-xxx-1215,False
C02361,ศิริ,หญิง,45-54,B05,2025-11-09 00:00:00,087-xxx-1283,False
C02362,ปวีณ,ชาย,35-44,B01,2025-07-18 00:00:00,082-xxx-7086,False
C02363,สุดา,ชาย,55+,B02,2025-11-30 00:00:00,086-xxx-2766,False
C02364,ธนา,ชาย,25-34,B01,2025-06-23 00:00:00,088-xxx-2370,False
C02365,ปวีณ,หญิง,35-44,B04,2026-06-21 00:00:00,082-xxx-7868,False
C02366,กมล,ชาย,45-54,B03,2026-01-25 00:00:00,086-xxx-6634,False
C02367,สุดา,หญิง,25-34,B04,2026-05-21 00:00:00,086-xxx-6102,False
C02368,ปวีณ,หญิง,45-54,B04,2025-11-17 00:00:00,081-xxx-8378,False
C02369,ธนา,ชาย,25-34,B01,2026-05-21 00:00:00,088-xxx-9836,False
C02370,สุดา,หญิง,25-34,B03,2026-01-31 00:00:00,081-xxx-3274,False
C02371,ทิพย์,หญิง,18-24,B05,2025-06-10 00:00:00,087-xxx-7881,False
C02372,กมล,หญิง,18-24,B05,2025-05-18 00:00:00,087-xxx-8911,False
C02373,พิม,หญิง,25-34,B04,2025-05-09 00:00:00,086-xxx-2414,False
C02374,ชนา,ชาย,35-44,B05,2025-12-18 00:00:00,087-xxx-8213,False
C02375,อัญชลี,ชาย,45-54,B04,2026-04-07 00:00:00,089-xxx-1830,False
C02376,ศิริ,หญิง,45-54,B05,2026-07-06 00:00:00,085-xxx-1582,False
C02377,ภัทร,หญิง,18-24,B02,2025-10-23 00:00:00,087-xxx-6594,False
C02378,รัตนา,ชาย,45-54,B03,2026-07-10 00:00:00,087-xxx-3792,False
C02379,ชนา,หญิง,35-44,B01,2026-06-13 00:00:00,087-xxx-2760,False
C02380,กมล,ชาย,45-54,B02,2026-03-08 00:00:00,081-xxx-6903,False
C02381,ปิยะ,ชาย,18-24,B01,2026-03-15 00:00:00,084-xxx-4000,False
C02382,อรุณ,ชาย,25-34,B03,2026-03-01 00:00:00,082-xxx-2512,False
C02383,ภูมิ,ชาย,18-24,B01,2026-04-28 00:00:00,088-xxx-4841,False
C02384,กมล,ชาย,18-24,B01,2026-06-19 00:00:00,083-xxx-8136,False
C02385,วีระ,หญิง,35-44,B03,2026-05-13 00:00:00,087-xxx-5576,False
C02386,ธนา,ชาย,35-44,B03,2026-05-21 00:00:00,084-xxx-2173,False
C02387,ปิยะ,หญิง,45-54,B05,2025-04-17 00:00:00,084-xxx-6679,False
C02388,ศิริ,หญิง,55+,B05,2025-06-01 00:00:00,082-xxx-1586,False
C02389,อรุณ,ชาย,18-24,B03,2026-04-29 00:00:00,086-xxx-1943,False
C02390,ปิยะ,หญิง,18-24,B04,2026-05-29 00:00:00,084-xxx-2701,True
C02391,นภัส,ชาย,25-34,B05,2025-12-02 00:00:00,085-xxx-4411,False
C02392,เกศ,ชาย,55+,B04,2025-12-15 00:00:00,088-xxx-4472,False
C02393,รัตนา,ชาย,55+,B01,2025-10-06 00:00:00,083-xxx-5883,False
C02394,พิม,หญิง,18-24,B03,2026-03-28 00:00:00,083-xxx-8407,False
C02395,วรรณ,ชาย,18-24,B04,2026-06-09 00:00:00,082-xxx-8567,False
C02396,สุดา,หญิง,25-34,B03,2025-11-14 00:00:00,083-xxx-4715,False
C02397,ศิริ,หญิง,45-54,B03,2026-05-05 00:00:00,089-xxx-4162,False
C02398,เกศ,หญิง,35-44,B05,2025-05-15 00:00:00,087-xxx-3029,False
C02399,กมล,ชาย,18-24,B02,2025-09-30 00:00:00,086-xxx-7445,False
C02400,เกศ,หญิง,25-34,B01,2026-07-10 00:00:00,085-xxx-9127,False
C02401,ศิริ,หญิง,18-24,B02,2026-01-06 00:00:00,082-xxx-9050,False
C02402,ปวีณ,ชาย,55+,B01,2025-10-15 00:00:00,085-xxx-3475,False
C02403,ปวีณ,หญิง,ต่ำกว่า 18,B01,2026-01-10 00:00:00,084-xxx-7629,False
C02404,อรุณ,ชาย,25-34,B04,2025-08-01 00:00:00,089-xxx-2167,False
C02405,ทิพย์,ชาย,55+,B04,2025-09-22 00:00:00,082-xxx-8751,False
C02406,ปิยะ,ชาย,35-44,B02,2025-12-19 00:00:00,087-xxx-1451,False
C02407,สมชาย,หญิง,18-24,B04,2025-12-06 00:00:00,088-xxx-2674,False
C02408,ทิพย์,ชาย,ต่ำกว่า 18,B05,2026-04-22 00:00:00,088-xxx-2147,False
C02409,นภัส,ไม่ระบุ,45-54,B05,2026-06-25 00:00:00,088-xxx-6771,False
C02410,อรุณ,หญิง,35-44,B03,2026-01-07 00:00:00,084-xxx-7846,False
C02411,มานพ,หญิง,55+,B02,2025-10-20 00:00:00,087-xxx-7243,False
C02412,อัญชลี,ชาย,45-54,B03,2026-01-06 00:00:00,087-xxx-1663,False
C02413,จิรา,หญิง,18-24,B03,2026-07-06 00:00:00,083-xxx-8099,False
C02414,มานพ,หญิง,25-34,B02,2026-06-30 00:00:00,086-xxx-5983,False
C02415,นภัส,ชาย,25-34,B05,2026-08-10 00:00:00,082-xxx-8328,False
C02416,ณัฐ,ชาย,18-24,B05,2026-01-13 00:00:00,085-xxx-1089,False
C02417,ภูมิ,หญิง,25-34,B03,2026-07-18 00:00:00,084-xxx-7879,False
C02418,ทิพย์,หญิง,55+,B03,2026-02-15 00:00:00,081-xxx-8873,False
C02419,ธนา,ชาย,35-44,B05,2025-04-20 00:00:00,086-xxx-5102,False
C02420,สุดา,หญิง,45-54,B01,2025-09-16 00:00:00,081-xxx-4349,False
C02421,ภูมิ,ชาย,25-34,B01,2025-07-10 00:00:00,089-xxx-4287,False
C02422,ปวีณ,หญิง,45-54,B03,2026-06-09 00:00:00,083-xxx-7396,False
C02423,ภูมิ,หญิง,25-34,B04,2025-10-24 00:00:00,087-xxx-9971,False
C02424,นภัส,ชาย,35-44,B05,2025-08-18 00:00:00,085-xxx-5826,False
C02425,ปิยะ,หญิง,35-44,B04,2025-10-25 00:00:00,089-xxx-4049,False
C02426,ทิพย์,ชาย,18-24,B02,2025-09-04 00:00:00,089-xxx-6634,False
C02427,กิตติ,ชาย,25-34,B01,2026-08-13 00:00:00,087-xxx-7597,False
C02428,ภูมิ,ชาย,55+,B01,2025-04-28 00:00:00,086-xxx-8059,False
C02429,สมชาย,หญิง,35-44,B02,2026-04-23 00:00:00,087-xxx-7267,False
C02430,ศิริ,ชาย,18-24,B05,2025-11-18 00:00:00,083-xxx-9328,False
C02431,ชนา,หญิง,18-24,B05,2026-08-22 00:00:00,088-xxx-7803,False
C02432,ศิริ,หญิง,ต่ำกว่า 18,B04,2025-10-13 00:00:00,088-xxx-8001,False
C02433,จิรา,หญิง,45-54,B05,2026-04-12 00:00:00,087-xxx-6089,False
C02434,ธีร,ชาย,18-24,B05,2025-06-24 00:00:00,086-xxx-1678,False
C02435,ชนา,ชาย,18-24,B05,2025-09-29 00:00:00,089-xxx-4729,False
C02436,พิม,ชาย,18-24,B03,2026-06-10 00:00:00,088-xxx-5773,False
C02437,รัตนา,ชาย,ต่ำกว่า 18,B05,2025-08-08 00:00:00,086-xxx-3705,False
C02438,ทิพย์,หญิง,18-24,B03,2025-12-05 00:00:00,082-xxx-9054,False
C02439,ปวีณ,หญิง,ต่ำกว่า 18,B01,2026-03-19 00:00:00,087-xxx-3004,False
C02440,ภัทร,หญิง,25-34,B03,2026-01-24 00:00:00,083-xxx-1373,False
C02441,รัตนา,หญิง,35-44,B05,2026-04-10 00:00:00,089-xxx-9920,False
C02442,มานพ,ชาย,35-44,B03,2025-12-29 00:00:00,081-xxx-5430,False
C02443,ภูมิ,ชาย,25-34,B04,2026-08-21 00:00:00,085-xxx-8928,True
C02444,ชนา,หญิง,18-24,B05,2026-04-14 00:00:00,083-xxx-7588,False
C02445,เกศ,หญิง,55+,B01,2026-02-15 00:00:00,083-xxx-7929,False
C02446,รัตนา,หญิง,25-34,B01,2025-04-02 00:00:00,088-xxx-2642,False
C02447,จิรา,ชาย,18-24,B03,2026-05-21 00:00:00,085-xxx-3438,False
C02448,นภัส,หญิง,35-44,B02,2026-05-11 00:00:00,085-xxx-6619,False
C02449,นภัส,หญิง,55+,B02,2026-01-24 00:00:00,081-xxx-2157,False
C02450,ณัฐ,หญิง,45-54,B02,2025-10-09 00:00:00,086-xxx-3404,False
C02451,ชนา,ชาย,25-34,B05,2026-04-09 00:00:00,083-xxx-3415,False
C02452,เกศ,หญิง,18-24,B05,2025-12-12 00:00:00,087-xxx-6842,False
C02453,จิรา,หญิง,45-54,B02,2026-06-13 00:00:00,083-xxx-1902,False
C02454,พิม,หญิง,25-34,B03,2026-04-23 00:00:00,087-xxx-1165,False
C02455,วรรณ,หญิง,45-54,B02,2026-05-31 00:00:00,084-xxx-8295,False
C02456,ภัทร,ชาย,35-44,B01,2025-09-21 00:00:00,084-xxx-3785,False
C02457,วรรณ,หญิง,35-44,B03,2026-09-01 00:00:00,087-xxx-7886,False
C02458,นภัส,หญิง,45-54,B02,2026-03-16 00:00:00,083-xxx-5576,False
C02459,เกศ,หญิง,45-54,B05,2026-07-29 00:00:00,088-xxx-3180,False
C02460,ณัฐ,หญิง,55+,B01,2026-02-03 00:00:00,084-xxx-5183,False
C02461,สมชาย,ชาย,18-24,B04,2025-07-28 00:00:00,082-xxx-6494,False
C02462,สุดา,หญิง,35-44,B01,2026-04-20 00:00:00,088-xxx-4738,False
C02463,กิตติ,ชาย,ต่ำกว่า 18,B04,2026-02-03 00:00:00,085-xxx-4175,False
C02464,ธนา,ชาย,45-54,B04,2025-11-27 00:00:00,089-xxx-7818,False
C02465,ภูมิ,หญิง,35-44,B02,2026-08-23 00:00:00,083-xxx-3554,False
C02466,วีระ,หญิง,25-34,B01,2025-12-31 00:00:00,081-xxx-2925,False
C02467,นภัส,หญิง,18-24,B02,2026-05-02 00:00:00,081-xxx-2289,False
C02468,สุดา,หญิง,25-34,B02,2026-08-20 00:00:00,084-xxx-6955,False
C02469,จิรา,หญิง,18-24,B05,2026-07-05 00:00:00,083-xxx-9877,False
C02470,ธนา,ชาย,45-54,B01,2026-07-14 00:00:00,086-xxx-2679,False
C02471,วีระ,หญิง,25-34,B03,2026-07-06 00:00:00,086-xxx-6841,False
C02472,ธีร,ชาย,18-24,B05,2026-08-14 00:00:00,086-xxx-8459,False
C02473,ณัฐ,หญิง,25-34,B04,2026-01-20 00:00:00,089-xxx-3668,False
C02474,กิตติ,ชาย,18-24,B05,2025-11-25 00:00:00,089-xxx-7752,False
C02475,ธีร,ชาย,35-44,B01,2026-08-06 00:00:00,087-xxx-2446,False
C02476,ชนา,ชาย,35-44,B02,2026-05-03 00:00:00,087-xxx-2667,False
C02477,ทิพย์,หญิง,ต่ำกว่า 18,B01,2025-06-22 00:00:00,083-xxx-6492,False
C02478,วรรณ,ชาย,25-34,B04,2025-12-03 00:00:00,085-xxx-6885,False
C02479,วรรณ,ชาย,18-24,B05,2026-06-09 00:00:00,089-xxx-6138,False
C02480,อรุณ,หญิง,35-44,B01,2025-07-01 00:00:00,084-xxx-7813,False
C02481,ปิยะ,หญิง,25-34,B04,2026-01-19 00:00:00,083-xxx-3164,False
C02482,จิรา,หญิง,18-24,B04,2025-07-11 00:00:00,088-xxx-4262,False
C02483,สมชาย,หญิง,18-24,B01,2026-03-12 00:00:00,082-xxx-5945,False
C02484,ภัทร,หญิง,35-44,B05,2026-01-29 00:00:00,089-xxx-4881,False
C02485,ปวีณ,หญิง,55+,B05,2025-08-26 00:00:00,088-xxx-8522,False
C02486,นภัส,หญิง,18-24,B01,2025-05-29 00:00:00,086-xxx-2826,False
C02487,อัญชลี,หญิง,45-54,B02,2026-09-04 00:00:00,083-xxx-5083,True
C02488,มานพ,หญิง,25-34,B03,2026-01-13 00:00:00,082-xxx-3682,False
C02489,จิรา,หญิง,35-44,B05,2026-07-06 00:00:00,083-xxx-4056,False
C02490,กมล,หญิง,35-44,B04,2025-05-17 00:00:00,085-xxx-9184,False
C02491,ธนา,ไม่ระบุ,18-24,B01,2025-12-29 00:00:00,087-xxx-6324,False
C02492,ภัทร,หญิง,18-24,B01,2025-05-25 00:00:00,088-xxx-6179,False
C02493,ภัทร,หญิง,18-24,B05,2025-08-24 00:00:00,087-xxx-6141,False
C02494,นภัส,ไม่ระบุ,35-44,B05,2026-06-11 00:00:00,088-xxx-9309,False
C02495,ภูมิ,หญิง,18-24,B05,2026-07-24 00:00:00,086-xxx-2827,False
C02496,ชนา,ชาย,35-44,B03,2026-05-24 00:00:00,084-xxx-2215,False
C02497,ภูมิ,หญิง,25-34,B02,2026-08-14 00:00:00,086-xxx-7915,False
C02498,นภัส,ชาย,25-34,B01,2025-11-14 00:00:00,086-xxx-8193,False
C02499,ภัทร,หญิง,18-24,B02,2026-06-24 00:00:00,081-xxx-6749,False
C02500,ภูมิ,ชาย,35-44,B04,2025-07-29 00:00:00,083-xxx-9058,False
C02501,ณัฐ,หญิง,25-34,B02,2025-12-07 00:00:00,081-xxx-9058,False
C02502,วรรณ,หญิง,35-44,B03,2026-08-31 00:00:00,086-xxx-4924,False
C02503,จิรา,หญิง,25-34,B01,2025-04-20 00:00:00,089-xxx-1648,False
C02504,ปวีณ,หญิง,35-44,B01,2025-04-04 00:00:00,087-xxx-2785,False
C02505,ธนา,หญิง,ต่ำกว่า 18,B01,2026-08-05 00:00:00,082-xxx-2425,False
C02506,กิตติ,ชาย,25-34,B04,2026-09-06 00:00:00,086-xxx-3918,False
C02507,ธีร,ชาย,25-34,B03,2025-12-03 00:00:00,088-xxx-9257,False
C02508,อัญชลี,หญิง,55+,B01,2026-01-30 00:00:00,083-xxx-9869,False
C02509,วรรณ,หญิง,35-44,B05,2025-09-20 00:00:00,085-xxx-9228,False
C02510,ศิริ,ชาย,55+,B04,2025-12-27 00:00:00,088-xxx-4566,False
C02511,ธีร,หญิง,25-34,B01,2026-08-16 00:00:00,086-xxx-1566,False
C02512,นภัส,ชาย,18-24,B02,2025-12-24 00:00:00,086-xxx-8664,False
C02513,สมชาย,ชาย,25-34,B05,2026-02-26 00:00:00,088-xxx-5048,False
C02514,ธนา,ชาย,25-34,B01,2026-02-01 00:00:00,089-xxx-9741,False
C02515,มานพ,หญิง,18-24,B01,2025-09-07 00:00:00,085-xxx-5315,False
C02516,กิตติ,หญิง,25-34,B02,2026-01-25 00:00:00,087-xxx-6337,False
C02517,นภัส,หญิง,18-24,B01,2026-08-07 00:00:00,083-xxx-3248,False
C02518,ปิยะ,ไม่ระบุ,45-54,B04,2026-08-10 00:00:00,087-xxx-1775,False
C02519,วีระ,หญิง,18-24,B02,2026-06-19 00:00:00,086-xxx-6019,False
C02520,นภัส,ชาย,55+,B03,2026-05-04 00:00:00,083-xxx-8771,False
C02521,สุดา,หญิง,25-34,B04,2025-04-14 00:00:00,087-xxx-2111,False
C02522,พิม,หญิง,35-44,B02,2025-12-23 00:00:00,082-xxx-2519,False
C02523,ธีร,หญิง,25-34,B05,2025-05-03 00:00:00,088-xxx-8387,False
C02524,เกศ,ชาย,18-24,B05,2025-09-09 00:00:00,085-xxx-7777,False
C02525,ภูมิ,ไม่ระบุ,35-44,B03,2026-03-23 00:00:00,085-xxx-2682,False
C02526,อัญชลี,หญิง,25-34,B03,2026-01-26 00:00:00,082-xxx-8739,False
C02527,ณัฐ,ชาย,18-24,B01,2025-11-09 00:00:00,081-xxx-4012,False
C02528,มานพ,หญิง,35-44,B04,2025-07-06 00:00:00,088-xxx-1165,False
C02529,อัญชลี,หญิง,55+,B05,2026-05-28 00:00:00,085-xxx-4416,False
C02530,ปิยะ,หญิง,25-34,B03,2026-02-01 00:00:00,088-xxx-1439,False
C02531,ปวีณ,หญิง,35-44,B02,2025-05-20 00:00:00,089-xxx-8395,False
C02532,ณัฐ,หญิง,18-24,B01,2026-06-20 00:00:00,082-xxx-8948,False
C02533,สมชาย,ชาย,25-34,B03,2026-01-20 00:00:00,084-xxx-6272,False
C02534,วรรณ,หญิง,45-54,B01,2025-04-26 00:00:00,089-xxx-4472,False
C02535,วีระ,ชาย,25-34,B01,2025-12-12 00:00:00,086-xxx-3745,False
C02536,ธีร,ชาย,25-34,B01,2026-06-06 00:00:00,084-xxx-8238,False
C02537,ปวีณ,หญิง,18-24,B05,2026-07-26 00:00:00,088-xxx-1198,True
C02538,ปวีณ,ชาย,45-54,B04,2025-08-15 00:00:00,081-xxx-4703,False
C02539,ณัฐ,หญิง,25-34,B05,2025-12-03 00:00:00,082-xxx-3730,False
C02540,วีระ,ชาย,18-24,B03,2026-01-24 00:00:00,085-xxx-3913,False
C02541,รัตนา,ชาย,25-34,B04,2025-10-10 00:00:00,085-xxx-5801,False
C02542,อัญชลี,ชาย,55+,B03,2026-02-19 00:00:00,081-xxx-1343,False
C02543,จิรา,หญิง,18-24,B02,2025-05-18 00:00:00,087-xxx-9828,False
C02544,ธีร,ชาย,18-24,B01,2026-05-09 00:00:00,086-xxx-1801,False
C02545,วีระ,ชาย,18-24,B04,2026-05-06 00:00:00,085-xxx-9375,False
C02546,กิตติ,ชาย,18-24,B03,2026-07-24 00:00:00,089-xxx-9058,False
C02547,วรรณ,หญิง,35-44,B03,2026-06-07 00:00:00,089-xxx-4180,False
C02548,เกศ,หญิง,35-44,B05,2026-03-07 00:00:00,082-xxx-1298,False
C02549,ทิพย์,ชาย,18-24,B05,2026-07-27 00:00:00,081-xxx-9650,False
C02550,ภัทร,หญิง,55+,B02,2026-07-08 00:00:00,087-xxx-1476,True
C02551,มานพ,หญิง,25-34,B02,2026-09-13 00:00:00,083-xxx-7911,False
C02552,พิม,หญิง,55+,B03,2026-06-05 00:00:00,083-xxx-3699,False
C02553,กมล,หญิง,55+,B02,2025-09-15 00:00:00,082-xxx-8085,False
C02554,ธนา,หญิง,25-34,B02,2026-07-26 00:00:00,089-xxx-3505,False
C02555,ธนา,ชาย,25-34,B01,2026-07-19 00:00:00,087-xxx-9028,False
C02556,วีระ,หญิง,18-24,B01,2026-08-03 00:00:00,085-xxx-1889,False
C02557,ปิยะ,หญิง,55+,B04,2025-08-02 00:00:00,083-xxx-8479,False
C02558,ภัทร,ชาย,45-54,B03,2026-08-23 00:00:00,083-xxx-3717,False
C02559,มานพ,ชาย,18-24,B02,2025-11-22 00:00:00,082-xxx-3706,True
C02560,ธีร,หญิง,45-54,B04,2026-01-14 00:00:00,086-xxx-6293,False
C02561,สมชาย,ชาย,25-34,B01,2025-10-14 00:00:00,087-xxx-3900,False
C02562,ธนา,หญิง,35-44,B05,2025-08-20 00:00:00,089-xxx-7992,False
C02563,ธนา,ชาย,35-44,B01,2026-05-28 00:00:00,088-xxx-8105,False
C02564,ปวีณ,ชาย,18-24,B04,2026-01-04 00:00:00,085-xxx-9380,False
C02565,ปิยะ,หญิง,25-34,B01,2025-12-11 00:00:00,089-xxx-4799,False
C02566,ศิริ,หญิง,35-44,B05,2026-08-04 00:00:00,083-xxx-9586,False
C02567,ปวีณ,หญิง,55+,B05,2026-04-08 00:00:00,083-xxx-4604,False
C02568,ธนา,หญิง,35-44,B02,2025-07-28 00:00:00,082-xxx-6868,False
C02569,มานพ,ชาย,45-54,B02,2026-09-04 00:00:00,083-xxx-9950,False
C02570,ธนา,ชาย,18-24,B05,2026-03-01 00:00:00,085-xxx-7427,False
C02571,พิม,ชาย,25-34,B05,2026-01-23 00:00:00,086-xxx-6476,False
C02572,รัตนา,ชาย,35-44,B05,2025-11-22 00:00:00,084-xxx-8793,False
C02573,ธีร,หญิง,45-54,B02,2025-07-22 00:00:00,085-xxx-1176,False
C02574,ภัทร,หญิง,25-34,B01,2025-08-19 00:00:00,081-xxx-9201,False
C02575,ศิริ,หญิง,25-34,B04,2025-10-01 00:00:00,084-xxx-1266,True
C02576,ภัทร,หญิง,18-24,B04,2025-07-28 00:00:00,083-xxx-3364,False
C02577,ปิยะ,หญิง,35-44,B01,2025-08-13 00:00:00,083-xxx-1809,False
C02578,ชนา,ชาย,18-24,B03,2026-07-13 00:00:00,088-xxx-7836,False
C02579,ภูมิ,หญิง,25-34,B02,2025-07-08 00:00:00,081-xxx-4791,False
C02580,ปวีณ,ชาย,35-44,B03,2026-05-27 00:00:00,083-xxx-4038,False
C02581,มานพ,ชาย,25-34,B03,2026-06-13 00:00:00,083-xxx-7961,False
C02582,ปิยะ,หญิง,25-34,B03,2026-01-29 00:00:00,086-xxx-5995,False
C02583,ศิริ,ชาย,18-24,B03,2026-06-18 00:00:00,087-xxx-5995,False
C02584,ณัฐ,ชาย,35-44,B03,2026-06-19 00:00:00,081-xxx-5060,False
C02585,ทิพย์,หญิง,35-44,B01,2025-08-09 00:00:00,088-xxx-3316,False
C02586,นภัส,หญิง,25-34,B02,2026-07-22 00:00:00,085-xxx-2435,False
C02587,เกศ,หญิง,25-34,B04,2025-10-03 00:00:00,083-xxx-6103,False
C02588,ศิริ,ชาย,35-44,B04,2025-08-17 00:00:00,086-xxx-5769,False
C02589,ชนา,หญิง,18-24,B05,2026-04-23 00:00:00,087-xxx-4286,False
C02590,ชนา,หญิง,18-24,B02,2026-04-20 00:00:00,083-xxx-9403,False
C02591,อรุณ,หญิง,18-24,B03,2026-09-10 00:00:00,089-xxx-2724,False
C02592,พิม,หญิง,45-54,B01,2026-07-11 00:00:00,088-xxx-9623,False
C02593,จิรา,ชาย,45-54,B02,2026-07-22 00:00:00,086-xxx-9370,False
C02594,จิรา,หญิง,25-34,B04,2025-09-26 00:00:00,081-xxx-2164,False
C02595,ชนา,ชาย,18-24,B05,2026-08-30 00:00:00,081-xxx-4557,False
C02596,ธีร,ชาย,35-44,B02,2025-05-04 00:00:00,082-xxx-1145,False
C02597,นภัส,หญิง,35-44,B03,2026-07-27 00:00:00,084-xxx-5750,False
C02598,ชนา,หญิง,35-44,B01,2026-01-16 00:00:00,083-xxx-4378,False
C02599,อรุณ,หญิง,35-44,B01,2026-04-16 00:00:00,082-xxx-4994,False
C02600,ปวีณ,หญิง,35-44,B01,2025-10-23 00:00:00,082-xxx-8373,False
C02601,รัตนา,หญิง,18-24,B01,2025-10-26 00:00:00,082-xxx-7091,False
C02602,อรุณ,ชาย,25-34,B01,2026-08-12 00:00:00,087-xxx-5908,False
C02603,กมล,หญิง,25-34,B02,2025-06-10 00:00:00,085-xxx-7301,False
C02604,ธีร,ชาย,45-54,B01,2025-04-19 00:00:00,081-xxx-6917,False
C02605,ทิพย์,ชาย,18-24,B01,2025-05-08 00:00:00,089-xxx-6022,False
C02606,มานพ,ชาย,25-34,B02,2025-08-13 00:00:00,086-xxx-4839,False
C02607,จิรา,หญิง,ต่ำกว่า 18,B03,2026-03-15 00:00:00,089-xxx-3285,False
C02608,จิรา,หญิง,25-34,B02,2025-08-09 00:00:00,082-xxx-9565,False
C02609,ภัทร,หญิง,25-34,B05,2025-08-05 00:00:00,081-xxx-5694,False
C02610,ปวีณ,หญิง,25-34,B01,2025-07-08 00:00:00,082-xxx-6456,False
C02611,พิม,หญิง,55+,B01,2025-08-18 00:00:00,081-xxx-4992,False
C02612,ภูมิ,หญิง,ต่ำกว่า 18,B04,2026-08-12 00:00:00,089-xxx-1194,False
C02613,พิม,ไม่ระบุ,25-34,B05,2025-10-23 00:00:00,082-xxx-1094,False
C02614,ทิพย์,หญิง,45-54,B02,2026-04-17 00:00:00,089-xxx-7349,False
C02615,สุดา,หญิง,35-44,B02,2025-05-30 00:00:00,085-xxx-6088,False
C02616,อรุณ,หญิง,25-34,B03,2026-06-20 00:00:00,083-xxx-9241,False
C02617,ภูมิ,หญิง,35-44,B01,2025-09-02 00:00:00,085-xxx-6221,False
C02618,ภูมิ,หญิง,35-44,B03,2026-04-03 00:00:00,087-xxx-9355,False
C02619,จิรา,หญิง,25-34,B05,2026-08-10 00:00:00,088-xxx-9666,False
C02620,รัตนา,ชาย,18-24,B04,2026-06-06 00:00:00,082-xxx-6119,False
C02621,ภัทร,หญิง,25-34,B02,2025-06-23 00:00:00,085-xxx-7015,False
C02622,สมชาย,หญิง,35-44,B01,2026-01-23 00:00:00,087-xxx-7051,False
C02623,นภัส,หญิง,25-34,B03,2026-02-05 00:00:00,085-xxx-6747,False
C02624,จิรา,หญิง,45-54,B04,2025-11-25 00:00:00,087-xxx-3992,False
C02625,ศิริ,หญิง,25-34,B01,2026-08-26 00:00:00,086-xxx-6793,False
C02626,รัตนา,หญิง,25-34,B04,2026-08-18 00:00:00,089-xxx-3879,False
C02627,สุดา,หญิง,35-44,B02,2026-08-02 00:00:00,081-xxx-7617,False
C02628,ปวีณ,หญิง,25-34,B01,2025-07-21 00:00:00,081-xxx-2876,False
C02629,พิม,หญิง,18-24,B05,2025-11-09 00:00:00,085-xxx-7888,False
C02630,อัญชลี,หญิง,45-54,B02,2026-06-21 00:00:00,087-xxx-1147,False
C02631,วีระ,ชาย,18-24,B03,2026-06-23 00:00:00,082-xxx-1250,False
C02632,วีระ,ไม่ระบุ,35-44,B02,2025-12-29 00:00:00,087-xxx-8214,False
C02633,ณัฐ,หญิง,55+,B05,2025-05-17 00:00:00,086-xxx-2464,False
C02634,อรุณ,หญิง,18-24,B04,2025-04-14 00:00:00,087-xxx-2139,False
C02635,อรุณ,หญิง,18-24,B01,2025-06-28 00:00:00,087-xxx-9492,False
C02636,ปวีณ,หญิง,55+,B01,2025-06-03 00:00:00,084-xxx-4864,False
C02637,พิม,ชาย,18-24,B03,2026-08-01 00:00:00,086-xxx-9984,False
C02638,ศิริ,หญิง,25-34,B04,2025-06-29 00:00:00,081-xxx-4715,False
C02639,เกศ,หญิง,55+,B04,2026-03-22 00:00:00,087-xxx-1625,False
C02640,ธีร,ชาย,18-24,B03,2026-03-01 00:00:00,085-xxx-6439,False
C02641,ทิพย์,ชาย,18-24,B04,2025-06-30 00:00:00,086-xxx-6536,False
C02642,นภัส,ชาย,18-24,B05,2026-03-07 00:00:00,083-xxx-4885,False
C02643,ปิยะ,หญิง,18-24,B01,2026-02-11 00:00:00,084-xxx-3771,True
C02644,ธีร,หญิง,ต่ำกว่า 18,B01,2025-07-26 00:00:00,086-xxx-5217,False
C02645,วีระ,หญิง,25-34,B05,2026-07-07 00:00:00,084-xxx-1911,False
C02646,ปวีณ,หญิง,25-34,B04,2025-09-06 00:00:00,088-xxx-9741,False
C02647,ปวีณ,หญิง,55+,B01,2026-04-18 00:00:00,082-xxx-8482,False
C02648,จิรา,หญิง,45-54,B04,2025-09-13 00:00:00,089-xxx-9609,False
C02649,พิม,หญิง,ต่ำกว่า 18,B01,2025-11-25 00:00:00,085-xxx-1106,False
C02650,วรรณ,ชาย,25-34,B01,2026-05-26 00:00:00,082-xxx-5135,False
C02651,ปิยะ,ชาย,18-24,B02,2025-04-18 00:00:00,087-xxx-2192,False
C02652,อรุณ,หญิง,25-34,B02,2025-12-26 00:00:00,082-xxx-4122,False
C02653,กมล,ชาย,25-34,B05,2026-05-23 00:00:00,085-xxx-7581,False
C02654,ปวีณ,หญิง,25-34,B01,2025-09-06 00:00:00,081-xxx-6996,False
C02655,วีระ,หญิง,18-24,B02,2026-02-13 00:00:00,087-xxx-6915,False
C02656,ชนา,ชาย,55+,B01,2026-03-19 00:00:00,085-xxx-2942,False
C02657,เกศ,หญิง,25-34,B01,2026-08-09 00:00:00,085-xxx-9097,False
C02658,มานพ,ชาย,18-24,B01,2025-11-25 00:00:00,087-xxx-3419,False
C02659,พิม,ชาย,25-34,B01,2025-05-05 00:00:00,089-xxx-7924,False
C02660,สุดา,หญิง,45-54,B05,2026-07-10 00:00:00,087-xxx-6655,False
C02661,สมชาย,ชาย,25-34,B02,2025-11-29 00:00:00,084-xxx-1218,False
C02662,ธนา,หญิง,25-34,B05,2026-07-05 00:00:00,088-xxx-4565,False
C02663,สมชาย,หญิง,45-54,B02,2026-01-02 00:00:00,089-xxx-7977,False
C02664,ศิริ,หญิง,18-24,B03,2026-07-19 00:00:00,081-xxx-7677,False
C02665,รัตนา,ชาย,55+,B02,2025-12-07 00:00:00,086-xxx-1298,False
C02666,เกศ,หญิง,55+,B05,2025-11-04 00:00:00,083-xxx-4621,False
C02667,ภัทร,หญิง,18-24,B05,2026-01-28 00:00:00,085-xxx-3399,False
C02668,สุดา,ชาย,18-24,B01,2026-06-01 00:00:00,087-xxx-6342,False
C02669,ศิริ,หญิง,25-34,B05,2025-06-05 00:00:00,082-xxx-2321,False
C02670,ภัทร,หญิง,45-54,B02,2025-11-27 00:00:00,086-xxx-8324,False
C02671,ปวีณ,หญิง,18-24,B01,2026-04-18 00:00:00,083-xxx-9508,False
C02672,ณัฐ,ชาย,25-34,B03,2026-08-16 00:00:00,086-xxx-5592,False
C02673,มานพ,หญิง,55+,B01,2025-07-27 00:00:00,087-xxx-8169,False
C02674,ภูมิ,ชาย,55+,B01,2026-06-13 00:00:00,085-xxx-5123,False
C02675,ปวีณ,หญิง,35-44,B01,2026-03-10 00:00:00,087-xxx-8812,False
C02676,กิตติ,ชาย,25-34,B01,2026-05-14 00:00:00,084-xxx-9784,False
C02677,นภัส,หญิง,18-24,B01,2025-11-01 00:00:00,085-xxx-5549,False
C02678,กิตติ,หญิง,55+,B04,2026-02-24 00:00:00,086-xxx-6235,False
C02679,มานพ,ชาย,25-34,B01,2026-05-25 00:00:00,086-xxx-8250,False
C02680,วีระ,ชาย,45-54,B04,2025-04-12 00:00:00,083-xxx-2266,False
C02681,ปิยะ,หญิง,35-44,B01,2025-10-22 00:00:00,084-xxx-1075,False
C02682,อรุณ,หญิง,25-34,B02,2025-06-10 00:00:00,084-xxx-8820,False
C02683,มานพ,หญิง,18-24,B02,2026-04-16 00:00:00,086-xxx-9614,False
C02684,กมล,ชาย,25-34,B05,2026-08-21 00:00:00,082-xxx-5477,False
C02685,มานพ,หญิง,35-44,B01,2025-07-10 00:00:00,085-xxx-5839,False
C02686,ทิพย์,ชาย,55+,B05,2026-07-08 00:00:00,083-xxx-3922,False
C02687,นภัส,ไม่ระบุ,25-34,B05,2025-08-02 00:00:00,083-xxx-7463,False
C02688,อรุณ,ชาย,45-54,B02,2025-07-04 00:00:00,081-xxx-9181,False
C02689,ภูมิ,ชาย,18-24,B03,2026-05-10 00:00:00,083-xxx-1901,False
C02690,กิตติ,หญิง,45-54,B02,2026-05-01 00:00:00,085-xxx-4915,False
C02691,ศิริ,หญิง,18-24,B02,2025-06-13 00:00:00,089-xxx-3164,False
C02692,ธีร,หญิง,25-34,B01,2026-03-05 00:00:00,081-xxx-5401,False
C02693,ณัฐ,หญิง,35-44,B01,2025-11-07 00:00:00,088-xxx-1803,False
C02694,ทิพย์,ชาย,45-54,B02,2025-12-05 00:00:00,082-xxx-4131,False
C02695,ธีร,ชาย,18-24,B05,2026-07-05 00:00:00,084-xxx-3117,False
C02696,เกศ,ชาย,25-34,B01,2025-04-10 00:00:00,085-xxx-4034,False
C02697,ชนา,ชาย,25-34,B04,2026-05-02 00:00:00,084-xxx-2419,False
C02698,กิตติ,ชาย,45-54,B01,2025-07-10 00:00:00,084-xxx-8269,False
C02699,ธนา,หญิง,25-34,B03,2026-08-03 00:00:00,083-xxx-2878,False
C02700,พิม,หญิง,18-24,B04,2026-08-25 00:00:00,081-xxx-6010,False
C02701,พิม,ไม่ระบุ,18-24,B04,2025-10-05 00:00:00,082-xxx-3166,False
C02702,ภูมิ,หญิง,25-34,B02,2026-05-15 00:00:00,084-xxx-8566,False
C02703,สุดา,หญิง,18-24,B04,2026-06-30 00:00:00,085-xxx-5513,False
C02704,ภัทร,หญิง,45-54,B02,2025-05-11 00:00:00,085-xxx-5792,False
C02705,ภูมิ,หญิง,25-34,B04,2026-02-04 00:00:00,087-xxx-5178,False
C02706,ธีร,หญิง,25-34,B03,2026-02-12 00:00:00,081-xxx-3055,False
C02707,ณัฐ,ชาย,18-24,B02,2025-10-02 00:00:00,082-xxx-1756,False
C02708,วีระ,หญิง,45-54,B03,2026-02-21 00:00:00,085-xxx-2300,False
C02709,ธีร,หญิง,35-44,B05,2025-06-22 00:00:00,084-xxx-9351,False
C02710,สุดา,หญิง,18-24,B02,2026-04-04 00:00:00,081-xxx-2022,False
C02711,รัตนา,หญิง,45-54,B02,2025-10-18 00:00:00,081-xxx-4367,False
C02712,อัญชลี,หญิง,25-34,B02,2026-01-11 00:00:00,089-xxx-3457,False
C02713,ภูมิ,ชาย,18-24,B01,2026-04-29 00:00:00,085-xxx-4192,False
C02714,กิตติ,หญิง,18-24,B01,2026-05-29 00:00:00,086-xxx-1050,False
C02715,เกศ,ชาย,35-44,B01,2025-10-09 00:00:00,083-xxx-1393,False
C02716,ณัฐ,ชาย,18-24,B04,2026-06-19 00:00:00,082-xxx-8342,False
C02717,ธนา,ไม่ระบุ,35-44,B02,2025-05-13 00:00:00,088-xxx-8911,False
C02718,จิรา,หญิง,35-44,B02,2026-07-24 00:00:00,086-xxx-1216,False
C02719,รัตนา,หญิง,ต่ำกว่า 18,B05,2026-07-06 00:00:00,089-xxx-4381,False
C02720,ชนา,หญิง,45-54,B02,2025-06-24 00:00:00,083-xxx-1649,False
C02721,ทิพย์,ชาย,35-44,B05,2025-06-20 00:00:00,089-xxx-1798,False
C02722,ปิยะ,หญิง,25-34,B02,2026-09-14 00:00:00,081-xxx-5355,False
C02723,กิตติ,ชาย,35-44,B02,2025-04-03 00:00:00,086-xxx-7952,False
C02724,กมล,หญิง,25-34,B02,2026-08-29 00:00:00,083-xxx-9174,False
C02725,ภูมิ,หญิง,25-34,B05,2025-10-13 00:00:00,088-xxx-4799,False
C02726,อัญชลี,ชาย,18-24,B02,2025-09-04 00:00:00,089-xxx-1825,False
C02727,กมล,ชาย,25-34,B04,2026-03-27 00:00:00,081-xxx-3739,False
C02728,ธนา,หญิง,18-24,B01,2025-12-11 00:00:00,085-xxx-9315,False
C02729,กมล,หญิง,35-44,B01,2025-11-12 00:00:00,088-xxx-1191,False
C02730,อรุณ,หญิง,18-24,B05,2025-09-16 00:00:00,087-xxx-5752,False
C02731,วรรณ,หญิง,25-34,B05,2025-04-13 00:00:00,081-xxx-7688,False
C02732,พิม,หญิง,35-44,B02,2025-12-16 00:00:00,088-xxx-9160,False
C02733,สุดา,ชาย,45-54,B05,2026-05-20 00:00:00,081-xxx-8294,False
C02734,ธีร,หญิง,25-34,B03,2026-02-20 00:00:00,083-xxx-6030,False
C02735,ณัฐ,ชาย,25-34,B05,2025-04-21 00:00:00,081-xxx-4164,False
C02736,ชนา,หญิง,25-34,B05,2026-03-21 00:00:00,085-xxx-7018,False
C02737,สมชาย,หญิง,45-54,B05,2026-04-30 00:00:00,085-xxx-5112,False
C02738,ธนา,หญิง,45-54,B03,2025-11-13 00:00:00,087-xxx-4374,False
C02739,อัญชลี,หญิง,25-34,B05,2026-03-19 00:00:00,086-xxx-6946,False
C02740,ทิพย์,หญิง,45-54,B02,2025-11-16 00:00:00,084-xxx-1725,False
C02741,อรุณ,หญิง,18-24,B05,2025-09-05 00:00:00,084-xxx-7156,False
C02742,จิรา,ชาย,18-24,B03,2026-04-17 00:00:00,084-xxx-4577,False
C02743,ปิยะ,ชาย,55+,B05,2025-04-02 00:00:00,087-xxx-2795,False
C02744,เกศ,หญิง,45-54,B04,2026-01-22 00:00:00,087-xxx-5907,False
C02745,พิม,หญิง,25-34,B02,2025-11-08 00:00:00,082-xxx-9142,False
C02746,ภัทร,หญิง,ต่ำกว่า 18,B04,2025-07-21 00:00:00,087-xxx-2441,False
C02747,กิตติ,ชาย,35-44,B02,2026-04-21 00:00:00,088-xxx-8388,False
C02748,รัตนา,หญิง,35-44,B01,2026-07-11 00:00:00,082-xxx-4891,False
C02749,ทิพย์,ชาย,18-24,B05,2026-02-06 00:00:00,083-xxx-7100,False
C02750,ภัทร,หญิง,18-24,B05,2025-04-06 00:00:00,084-xxx-1761,False
C02751,ธีร,ชาย,18-24,B01,2025-10-28 00:00:00,086-xxx-8805,False
C02752,พิม,ชาย,45-54,B01,2026-06-28 00:00:00,081-xxx-2444,False
C02753,ธนา,ชาย,18-24,B01,2026-01-07 00:00:00,089-xxx-5255,False
C02754,พิม,หญิง,18-24,B04,2025-04-06 00:00:00,089-xxx-5725,False
C02755,ณัฐ,หญิง,18-24,B02,2026-01-24 00:00:00,083-xxx-3592,False
C02756,กมล,หญิง,25-34,B02,2026-08-18 00:00:00,084-xxx-3551,False
C02757,วีระ,หญิง,25-34,B01,2025-08-30 00:00:00,083-xxx-4251,False
C02758,ทิพย์,หญิง,25-34,B02,2026-08-24 00:00:00,089-xxx-7069,False
C02759,กิตติ,หญิง,25-34,B05,2025-09-30 00:00:00,089-xxx-2395,False
C02760,ทิพย์,หญิง,25-34,B02,2026-02-11 00:00:00,089-xxx-7119,False
C02761,ภูมิ,ชาย,25-34,B04,2025-09-04 00:00:00,084-xxx-3779,False
C02762,ชนา,ชาย,25-34,B04,2026-08-07 00:00:00,084-xxx-8224,False
C02763,ภูมิ,ชาย,25-34,B05,2025-09-18 00:00:00,081-xxx-1330,False
C02764,นภัส,หญิง,18-24,B01,2025-05-17 00:00:00,082-xxx-4606,False
C02765,พิม,หญิง,18-24,B01,2026-05-17 00:00:00,089-xxx-6192,True
C02766,สุดา,ชาย,18-24,B05,2026-05-19 00:00:00,085-xxx-1626,False
C02767,กมล,หญิง,45-54,B01,2026-04-05 00:00:00,087-xxx-3739,False
C02768,สุดา,หญิง,55+,B01,2025-12-20 00:00:00,085-xxx-2946,False
C02769,มานพ,หญิง,18-24,B03,2026-04-26 00:00:00,084-xxx-9767,False
C02770,สุดา,หญิง,45-54,B03,2026-02-21 00:00:00,085-xxx-8298,False
C02771,เกศ,ชาย,18-24,B02,2026-09-08 00:00:00,085-xxx-1900,False
C02772,สมชาย,ไม่ระบุ,18-24,B04,2025-12-05 00:00:00,085-xxx-7975,False
C02773,วรรณ,หญิง,18-24,B05,2025-12-29 00:00:00,083-xxx-4644,False
C02774,ภัทร,ชาย,18-24,B01,2025-08-15 00:00:00,082-xxx-8210,False
C02775,รัตนา,หญิง,18-24,B05,2025-08-05 00:00:00,086-xxx-3257,False
C02776,รัตนา,ชาย,18-24,B05,2026-03-14 00:00:00,087-xxx-4647,False
C02777,ศิริ,ชาย,55+,B04,2025-04-07 00:00:00,084-xxx-7882,False
C02778,พิม,ชาย,45-54,B04,2026-03-23 00:00:00,087-xxx-2634,False
C02779,ณัฐ,หญิง,35-44,B01,2025-06-28 00:00:00,081-xxx-4980,False
C02780,สมชาย,หญิง,35-44,B05,2025-06-17 00:00:00,087-xxx-4120,False
C02781,ปวีณ,ชาย,25-34,B05,2026-07-23 00:00:00,088-xxx-1293,False
C02782,สุดา,ชาย,18-24,B02,2026-02-19 00:00:00,084-xxx-1214,False
C02783,ภูมิ,ชาย,25-34,B03,2025-11-26 00:00:00,087-xxx-8614,False
C02784,วีระ,ชาย,25-34,B05,2026-06-07 00:00:00,085-xxx-6929,False
C02785,เกศ,หญิง,25-34,B05,2026-03-31 00:00:00,087-xxx-6780,False
C02786,ณัฐ,หญิง,25-34,B04,2026-02-17 00:00:00,086-xxx-8637,False
C02787,รัตนา,ไม่ระบุ,25-34,B02,2026-02-21 00:00:00,083-xxx-7899,False
C02788,ภัทร,หญิง,18-24,B01,2025-04-21 00:00:00,086-xxx-4409,False
C02789,ปวีณ,หญิง,25-34,B05,2026-07-09 00:00:00,083-xxx-1589,False
C02790,รัตนา,หญิง,35-44,B02,2025-12-04 00:00:00,082-xxx-7664,False
C02791,พิม,หญิง,55+,B01,2026-06-28 00:00:00,081-xxx-8137,False
C02792,อัญชลี,หญิง,45-54,B03,2026-06-15 00:00:00,082-xxx-1601,False
C02793,รัตนา,ชาย,25-34,B02,2025-05-27 00:00:00,086-xxx-2802,False
C02794,ปิยะ,ชาย,25-34,B05,2025-06-25 00:00:00,083-xxx-6992,False
C02795,ภัทร,หญิง,18-24,B01,2026-03-22 00:00:00,083-xxx-4203,False
C02796,เกศ,หญิง,25-34,B05,2025-11-28 00:00:00,083-xxx-9129,False
C02797,ณัฐ,ชาย,ต่ำกว่า 18,B05,2025-12-29 00:00:00,086-xxx-1088,False
C02798,ภูมิ,ชาย,25-34,B02,2026-08-21 00:00:00,085-xxx-3912,False
C02799,วีระ,หญิง,18-24,B03,2026-01-05 00:00:00,087-xxx-2425,False
C02800,ภัทร,ชาย,55+,B05,2025-11-21 00:00:00,082-xxx-4582,False
C02801,กิตติ,ชาย,35-44,B03,2026-08-02 00:00:00,089-xxx-2716,False
C02802,วรรณ,หญิง,18-24,B02,2026-05-29 00:00:00,082-xxx-1488,False
C02803,พิม,หญิง,35-44,B03,2026-05-09 00:00:00,085-xxx-2542,False
C02804,ภูมิ,หญิง,25-34,B05,2026-06-10 00:00:00,082-xxx-1979,False
C02805,ปวีณ,หญิง,25-34,B01,2025-12-11 00:00:00,084-xxx-7139,False
C02806,วรรณ,หญิง,35-44,B03,2026-02-16 00:00:00,082-xxx-5240,False
C02807,มานพ,ชาย,18-24,B05,2026-01-26 00:00:00,084-xxx-3267,True
C02808,รัตนา,ชาย,18-24,B04,2026-04-28 00:00:00,087-xxx-6674,False
C02809,วรรณ,ชาย,25-34,B01,2025-08-10 00:00:00,087-xxx-8469,False
C02810,อรุณ,ชาย,45-54,B01,2025-06-13 00:00:00,087-xxx-1442,False
C02811,รัตนา,หญิง,18-24,B03,2026-02-27 00:00:00,083-xxx-9413,False
C02812,นภัส,ชาย,25-34,B03,2026-01-26 00:00:00,087-xxx-1324,False
C02813,รัตนา,หญิง,18-24,B01,2025-07-24 00:00:00,081-xxx-1110,False
C02814,วีระ,หญิง,55+,B03,2026-05-24 00:00:00,082-xxx-3534,False
C02815,จิรา,หญิง,18-24,B02,2026-03-27 00:00:00,083-xxx-1568,False
C02816,วีระ,หญิง,35-44,B02,2025-06-23 00:00:00,089-xxx-1257,False
C02817,กิตติ,ชาย,25-34,B01,2025-10-13 00:00:00,084-xxx-1177,False
C02818,กมล,หญิง,18-24,B04,2026-08-29 00:00:00,084-xxx-8616,False
C02819,ธีร,หญิง,45-54,B01,2026-02-19 00:00:00,085-xxx-4115,False
C02820,ปิยะ,หญิง,18-24,B04,2026-08-16 00:00:00,089-xxx-7123,True
C02821,กิตติ,ชาย,18-24,B01,2026-07-21 00:00:00,083-xxx-4820,False
C02822,ภูมิ,หญิง,25-34,B01,2025-07-25 00:00:00,086-xxx-3484,False
C02823,ศิริ,ชาย,18-24,B05,2025-10-14 00:00:00,086-xxx-5278,False
C02824,ชนา,ชาย,35-44,B04,2026-01-03 00:00:00,083-xxx-9541,False
C02825,จิรา,หญิง,45-54,B03,2026-03-10 00:00:00,089-xxx-3337,False
C02826,ภูมิ,ชาย,18-24,B03,2026-05-01 00:00:00,088-xxx-3301,False
C02827,ชนา,หญิง,35-44,B02,2025-10-03 00:00:00,081-xxx-4146,False
C02828,เกศ,ชาย,25-34,B02,2026-05-29 00:00:00,088-xxx-6153,False
C02829,ปิยะ,หญิง,18-24,B04,2025-09-22 00:00:00,087-xxx-7067,False
C02830,ธนา,หญิง,25-34,B02,2025-08-14 00:00:00,081-xxx-8253,False
C02831,กิตติ,หญิง,25-34,B03,2025-12-16 00:00:00,086-xxx-6145,False
C02832,วีระ,หญิง,18-24,B04,2026-08-19 00:00:00,084-xxx-7961,False
C02833,ชนา,ไม่ระบุ,18-24,B02,2026-03-26 00:00:00,086-xxx-7143,False
C02834,ภัทร,ชาย,25-34,B04,2025-06-05 00:00:00,086-xxx-9435,False
C02835,ปิยะ,ชาย,45-54,B02,2026-06-03 00:00:00,083-xxx-6615,False
C02836,ณัฐ,หญิง,25-34,B01,2026-05-27 00:00:00,083-xxx-6073,False
C02837,เกศ,ชาย,18-24,B01,2025-10-01 00:00:00,088-xxx-4914,False
C02838,นภัส,หญิง,25-34,B05,2025-08-20 00:00:00,088-xxx-2026,False
C02839,สุดา,หญิง,55+,B02,2026-06-05 00:00:00,086-xxx-1790,False
C02840,สุดา,ไม่ระบุ,55+,B03,2026-08-10 00:00:00,084-xxx-1253,False
C02841,ปิยะ,ชาย,45-54,B05,2026-02-25 00:00:00,087-xxx-5999,False
C02842,สุดา,หญิง,18-24,B05,2025-07-01 00:00:00,085-xxx-1908,False
C02843,ธีร,หญิง,25-34,B05,2026-05-20 00:00:00,081-xxx-5843,True
C02844,เกศ,หญิง,25-34,B02,2025-12-06 00:00:00,082-xxx-6358,True
C02845,ศิริ,ชาย,18-24,B04,2026-06-29 00:00:00,082-xxx-9442,False
C02846,กิตติ,หญิง,18-24,B04,2025-06-12 00:00:00,081-xxx-1373,False
C02847,ปวีณ,ชาย,25-34,B04,2026-04-06 00:00:00,081-xxx-3788,False
C02848,อัญชลี,ชาย,18-24,B02,2026-04-01 00:00:00,081-xxx-1155,False
C02849,ชนา,ชาย,45-54,B04,2026-08-24 00:00:00,085-xxx-5194,False
C02850,กิตติ,หญิง,25-34,B02,2025-11-01 00:00:00,084-xxx-7453,False
C02851,ธีร,หญิง,18-24,B03,2026-09-13 00:00:00,082-xxx-9519,False
C02852,พิม,หญิง,25-34,B04,2026-07-08 00:00:00,081-xxx-4317,False
C02853,ปิยะ,หญิง,35-44,B03,2026-01-11 00:00:00,082-xxx-3762,False
C02854,ธีร,หญิง,18-24,B05,2026-08-26 00:00:00,084-xxx-4182,False
C02855,ทิพย์,ชาย,18-24,B02,2026-01-29 00:00:00,081-xxx-2526,False
C02856,อรุณ,หญิง,25-34,B03,2026-07-30 00:00:00,087-xxx-2200,False
C02857,ชนา,หญิง,18-24,B02,2025-09-03 00:00:00,082-xxx-2647,False
C02858,ธนา,ชาย,ต่ำกว่า 18,B05,2025-08-30 00:00:00,083-xxx-1909,False
C02859,รัตนา,หญิง,55+,B01,2026-03-23 00:00:00,083-xxx-1203,False
C02860,สุดา,ไม่ระบุ,35-44,B02,2026-05-21 00:00:00,087-xxx-7116,False
C02861,นภัส,หญิง,45-54,B04,2026-07-19 00:00:00,086-xxx-2662,False
C02862,พิม,หญิง,35-44,B05,2025-12-24 00:00:00,089-xxx-2726,False
C02863,อรุณ,หญิง,18-24,B05,2025-12-22 00:00:00,085-xxx-7361,False
C02864,สุดา,ชาย,35-44,B01,2025-10-26 00:00:00,088-xxx-9206,False
C02865,มานพ,ชาย,25-34,B04,2025-09-10 00:00:00,084-xxx-1772,False
C02866,สุดา,หญิง,18-24,B01,2025-10-20 00:00:00,082-xxx-9902,False
C02867,ธนา,ชาย,25-34,B04,2025-04-04 00:00:00,083-xxx-7213,False
C02868,ธีร,หญิง,25-34,B03,2026-02-19 00:00:00,088-xxx-5772,False
C02869,วีระ,หญิง,55+,B04,2026-06-01 00:00:00,084-xxx-6498,False
C02870,ทิพย์,หญิง,45-54,B01,2025-07-17 00:00:00,083-xxx-8219,False
C02871,ภูมิ,หญิง,18-24,B02,2026-05-08 00:00:00,082-xxx-8112,False
C02872,ปวีณ,หญิง,ต่ำกว่า 18,B04,2025-09-12 00:00:00,084-xxx-3940,False
C02873,ธีร,หญิง,25-34,B01,2026-02-02 00:00:00,081-xxx-2731,False
C02874,รัตนา,ชาย,ต่ำกว่า 18,B05,2026-05-29 00:00:00,087-xxx-1356,False
C02875,นภัส,หญิง,45-54,B02,2026-01-14 00:00:00,089-xxx-8904,False
C02876,รัตนา,หญิง,55+,B05,2025-04-07 00:00:00,085-xxx-9986,False
C02877,ภัทร,หญิง,25-34,B05,2025-05-22 00:00:00,081-xxx-9540,False
C02878,อัญชลี,ไม่ระบุ,18-24,B04,2026-06-27 00:00:00,088-xxx-6423,False
C02879,สมชาย,หญิง,35-44,B01,2025-07-18 00:00:00,087-xxx-6108,False
C02880,กมล,หญิง,45-54,B02,2026-07-04 00:00:00,081-xxx-6268,False
C02881,รัตนา,หญิง,25-34,B04,2026-04-13 00:00:00,086-xxx-5110,False
C02882,ภูมิ,ชาย,35-44,B01,2026-07-30 00:00:00,088-xxx-6415,False
C02883,สมชาย,หญิง,35-44,B05,2026-02-12 00:00:00,083-xxx-5541,False
C02884,อรุณ,ชาย,18-24,B05,2025-04-02 00:00:00,081-xxx-1665,False
C02885,วรรณ,ชาย,25-34,B01,2026-07-30 00:00:00,086-xxx-4289,False
C02886,พิม,หญิง,25-34,B04,2026-09-09 00:00:00,086-xxx-1553,False
C02887,จิรา,ชาย,55+,B05,2026-09-12 00:00:00,085-xxx-8887,False
C02888,ภัทร,ชาย,35-44,B01,2025-12-10 00:00:00,087-xxx-1944,False
C02889,พิม,หญิง,18-24,B02,2025-10-03 00:00:00,082-xxx-6932,False
C02890,ชนา,หญิง,25-34,B04,2026-07-01 00:00:00,086-xxx-7249,False
C02891,วรรณ,หญิง,25-34,B04,2025-05-27 00:00:00,083-xxx-1715,False
C02892,ทิพย์,หญิง,55+,B04,2026-03-12 00:00:00,089-xxx-7647,False
C02893,ธนา,ชาย,35-44,B02,2026-03-29 00:00:00,086-xxx-2677,False
C02894,มานพ,ไม่ระบุ,45-54,B02,2025-07-13 00:00:00,081-xxx-5662,False
C02895,ชนา,หญิง,18-24,B05,2026-08-24 00:00:00,085-xxx-8531,True
C02896,จิรา,ชาย,25-34,B01,2025-05-06 00:00:00,081-xxx-8619,True
C02897,จิรา,หญิง,35-44,B03,2026-03-25 00:00:00,082-xxx-8678,False
C02898,จิรา,ชาย,18-24,B03,2026-05-01 00:00:00,083-xxx-1114,False
C02899,นภัส,หญิง,55+,B04,2026-05-12 00:00:00,085-xxx-3172,False
C02900,อรุณ,หญิง,18-24,B05,2025-04-11 00:00:00,084-xxx-6220,False
C02901,สมชาย,ไม่ระบุ,45-54,B04,2026-03-29 00:00:00,082-xxx-5031,False
C02902,อัญชลี,หญิง,35-44,B05,2026-07-15 00:00:00,087-xxx-9592,False
C02903,ปิยะ,ชาย,55+,B04,2026-03-02 00:00:00,083-xxx-8210,False
C02904,รัตนา,หญิง,35-44,B02,2026-01-27 00:00:00,084-xxx-6971,False
C02905,นภัส,ชาย,35-44,B01,2025-10-21 00:00:00,088-xxx-5469,False
C02906,รัตนา,หญิง,25-34,B05,2026-07-18 00:00:00,089-xxx-4645,False
C02907,วีระ,หญิง,18-24,B04,2025-06-05 00:00:00,085-xxx-4273,False
C02908,พิม,หญิง,18-24,B01,2026-05-12 00:00:00,087-xxx-6052,False
C02909,อัญชลี,ชาย,25-34,B02,2026-08-21 00:00:00,081-xxx-4107,False
C02910,ธนา,หญิง,25-34,B05,2026-07-14 00:00:00,081-xxx-9893,False
C02911,ภูมิ,หญิง,25-34,B03,2026-01-26 00:00:00,089-xxx-9667,False
C02912,เกศ,ชาย,25-34,B02,2026-03-25 00:00:00,087-xxx-5526,False
C02913,ทิพย์,ชาย,25-34,B05,2025-07-08 00:00:00,082-xxx-1307,False
C02914,ชนา,หญิง,18-24,B01,2026-07-01 00:00:00,083-xxx-5214,False
C02915,พิม,ชาย,35-44,B02,2026-03-05 00:00:00,082-xxx-4896,False
C02916,ปิยะ,หญิง,18-24,B01,2025-07-01 00:00:00,083-xxx-2823,False
C02917,ธีร,ชาย,25-34,B02,2025-06-04 00:00:00,088-xxx-9453,False
C02918,พิม,ชาย,35-44,B05,2026-01-07 00:00:00,089-xxx-3438,False
C02919,วรรณ,หญิง,18-24,B04,2026-01-29 00:00:00,086-xxx-9485,False
C02920,รัตนา,หญิง,45-54,B05,2025-06-26 00:00:00,084-xxx-7612,False
C02921,รัตนา,หญิง,55+,B01,2026-06-16 00:00:00,081-xxx-2187,False
C02922,ชนา,หญิง,25-34,B02,2025-04-30 00:00:00,085-xxx-4782,False
C02923,ณัฐ,ชาย,25-34,B01,2025-05-08 00:00:00,089-xxx-4583,False
C02924,ธีร,ชาย,25-34,B01,2025-05-07 00:00:00,084-xxx-4916,False
C02925,ภัทร,หญิง,ต่ำกว่า 18,B02,2025-12-31 00:00:00,088-xxx-9575,False
C02926,รัตนา,ชาย,25-34,B01,2025-10-16 00:00:00,088-xxx-5089,False
C02927,กิตติ,ชาย,ต่ำกว่า 18,B01,2025-08-25 00:00:00,084-xxx-9270,False
C02928,ธีร,หญิง,55+,B03,2026-06-06 00:00:00,088-xxx-1649,True
C02929,วรรณ,หญิง,18-24,B02,2026-05-07 00:00:00,081-xxx-7545,False
C02930,กมล,หญิง,35-44,B04,2025-11-01 00:00:00,088-xxx-3408,False
C02931,ชนา,ชาย,ต่ำกว่า 18,B02,2025-10-08 00:00:00,083-xxx-8706,False
C02932,อรุณ,หญิง,45-54,B02,2025-09-25 00:00:00,081-xxx-2002,False
C02933,วีระ,ชาย,ต่ำกว่า 18,B04,2026-03-05 00:00:00,086-xxx-6611,False
C02934,สมชาย,หญิง,25-34,B05,2026-07-25 00:00:00,085-xxx-8684,False
C02935,สุดา,หญิง,18-24,B04,2025-12-31 00:00:00,081-xxx-1670,False
C02936,ชนา,ไม่ระบุ,25-34,B05,2026-04-04 00:00:00,081-xxx-4415,False
C02937,เกศ,ชาย,35-44,B04,2026-02-23 00:00:00,085-xxx-8246,False
C02938,นภัส,หญิง,18-24,B03,2025-12-05 00:00:00,086-xxx-8017,False
C02939,กมล,หญิง,18-24,B02,2025-09-10 00:00:00,087-xxx-5766,False
C02940,ปิยะ,ชาย,25-34,B02,2025-11-12 00:00:00,086-xxx-2850,False
C02941,ณัฐ,ชาย,35-44,B02,2026-08-28 00:00:00,083-xxx-8225,False
C02942,เกศ,ชาย,35-44,B01,2026-02-19 00:00:00,085-xxx-5599,False
C02943,จิรา,ชาย,35-44,B03,2026-05-18 00:00:00,084-xxx-4839,False
C02944,สุดา,หญิง,35-44,B01,2026-05-14 00:00:00,089-xxx-6741,False
C02945,นภัส,หญิง,45-54,B02,2025-09-30 00:00:00,083-xxx-7200,False
C02946,จิรา,หญิง,25-34,B01,2025-10-17 00:00:00,085-xxx-6923,False
C02947,อัญชลี,หญิง,25-34,B01,2025-12-13 00:00:00,085-xxx-3074,False
C02948,กมล,หญิง,35-44,B01,2026-02-07 00:00:00,085-xxx-9615,False
C02949,มานพ,ชาย,25-34,B05,2026-01-29 00:00:00,088-xxx-5743,False
C02950,ศิริ,ไม่ระบุ,25-34,B01,2026-02-12 00:00:00,087-xxx-3019,False
C02951,ทิพย์,ชาย,25-34,B05,2025-06-30 00:00:00,082-xxx-7534,False
C02952,ชนา,หญิง,ต่ำกว่า 18,B05,2026-06-09 00:00:00,086-xxx-3211,False
C02953,ทิพย์,ชาย,45-54,B02,2026-02-08 00:00:00,085-xxx-8531,True
C02954,นภัส,หญิง,25-34,B02,2025-06-22 00:00:00,086-xxx-1535,False
C02955,นภัส,ชาย,18-24,B03,2026-05-04 00:00:00,089-xxx-7335,False
C02956,ภูมิ,หญิง,45-54,B01,2025-07-19 00:00:00,089-xxx-2506,False
C02957,พิม,หญิง,35-44,B03,2026-01-03 00:00:00,083-xxx-4143,False
C02958,ปวีณ,หญิง,55+,B05,2025-04-18 00:00:00,082-xxx-5185,False
C02959,ศิริ,หญิง,18-24,B02,2025-11-25 00:00:00,084-xxx-1130,False
C02960,ธนา,ชาย,25-34,B05,2026-01-19 00:00:00,088-xxx-7854,False
C02961,ปวีณ,ชาย,18-24,B02,2026-01-22 00:00:00,083-xxx-9441,False
C02962,ปิยะ,หญิง,25-34,B05,2025-08-13 00:00:00,084-xxx-4895,False
C02963,ชนา,หญิง,18-24,B04,2026-04-25 00:00:00,088-xxx-7141,False
C02964,อัญชลี,ชาย,18-24,B05,2026-02-25 00:00:00,088-xxx-6591,False
C02965,กิตติ,ชาย,25-34,B01,2026-06-25 00:00:00,086-xxx-9815,False
C02966,ศิริ,ชาย,18-24,B03,2026-08-15 00:00:00,088-xxx-4808,False
C02967,สมชาย,ชาย,25-34,B03,2026-06-18 00:00:00,086-xxx-6398,False
C02968,กิตติ,ชาย,25-34,B05,2025-08-09 00:00:00,087-xxx-7059,False
C02969,อัญชลี,ชาย,55+,B05,2025-12-07 00:00:00,087-xxx-3879,False
C02970,ธนา,หญิง,25-34,B04,2026-08-23 00:00:00,088-xxx-6285,False
C02971,ปวีณ,ไม่ระบุ,18-24,B05,2025-05-22 00:00:00,086-xxx-3546,False
C02972,สมชาย,หญิง,18-24,B05,2026-02-23 00:00:00,085-xxx-8364,False
C02973,สุดา,หญิง,35-44,B01,2025-09-15 00:00:00,082-xxx-4444,False
C02974,รัตนา,ชาย,35-44,B05,2026-04-30 00:00:00,081-xxx-9545,False
C02975,จิรา,ชาย,25-34,B01,2026-03-09 00:00:00,085-xxx-1088,True
C02976,ภัทร,ชาย,35-44,B02,2025-08-20 00:00:00,084-xxx-6408,False
C02977,สมชาย,ชาย,25-34,B04,2026-08-19 00:00:00,087-xxx-6186,False
C02978,จิรา,หญิง,55+,B04,2026-05-22 00:00:00,086-xxx-8060,False
C02979,อัญชลี,ชาย,55+,B05,2025-08-25 00:00:00,081-xxx-2533,False
C02980,พิม,ชาย,45-54,B05,2025-04-04 00:00:00,086-xxx-7735,False
C02981,มานพ,หญิง,25-34,B05,2025-07-31 00:00:00,083-xxx-1137,False
C02982,นภัส,ชาย,18-24,B03,2026-08-12 00:00:00,088-xxx-6520,False
C02983,ปิยะ,หญิง,25-34,B04,2025-11-16 00:00:00,083-xxx-7897,False
C02984,ปิยะ,หญิง,35-44,B05,2026-05-17 00:00:00,085-xxx-1763,False
C02985,มานพ,หญิง,25-34,B02,2026-05-06 00:00:00,088-xxx-3731,False
C02986,ปิยะ,หญิง,35-44,B01,2025-08-14 00:00:00,083-xxx-9417,False
C02987,ชนา,หญิง,18-24,B02,2025-08-20 00:00:00,088-xxx-8346,False
C02988,วีระ,หญิง,25-34,B04,2026-05-13 00:00:00,084-xxx-7721,False
C02989,วีระ,ชาย,ต่ำกว่า 18,B01,2026-05-03 00:00:00,085-xxx-9841,False
C02990,วีระ,หญิง,25-34,B04,2026-09-14 00:00:00,088-xxx-3366,False
C02991,นภัส,หญิง,18-24,B02,2026-07-27 00:00:00,089-xxx-4510,False
C02992,สมชาย,หญิง,18-24,B05,2026-04-30 00:00:00,084-xxx-1665,False
C02993,กมล,ชาย,35-44,B02,2025-11-09 00:00:00,088-xxx-1093,False
C02994,มานพ,ชาย,35-44,B01,2025-04-25 00:00:00,084-xxx-7939,False
C02995,ภัทร,หญิง,35-44,B01,2025-04-06 00:00:00,087-xxx-4141,False
C02996,จิรา,ชาย,25-34,B04,2025-12-09 00:00:00,087-xxx-8495,False
C02997,อัญชลี,ชาย,25-34,B01,2026-05-12 00:00:00,087-xxx-5634,False
C02998,รัตนา,ชาย,ต่ำกว่า 18,B02,2026-09-11 00:00:00,086-xxx-6196,False
C02999,สุดา,หญิง,18-24,B01,2025-09-16 00:00:00,083-xxx-9584,False
C03000,กิตติ,ชาย,55+,B05,2026-06-07 00:00:00,088-xxx-8983,False
